QuantumComputerID,ControlQubitT1CoherenceTime,ControlQubitT2CoherenceTime,ControlQubitFrequency,TargetQubitT1CoherenceTime,TargetQubitT2CoherenceTime,TargetQubitFrequency,OperationID,TwoQubitGateErrorRate
4,28.42,50.36,4.97,66.63,62.95,5.24,0,31.15
4,8.12,10.92,4.76,63.45,97.61,5.03,0,7.71
4,36.36,93.30,5.01,79.09,38.60,4.90,0,12.89
4,76.02,32.69,5.03,58.13,49.74,4.95,0,13.28
4,19.44,56.25,5.07,44.05,93.16,4.96,0,4.10
4,67.64,56.59,4.92,87.69,131.44,4.74,0,11.52
4,28.42,50.36,4.97,66.63,62.95,5.24,0,33.20
4,8.12,10.92,4.76,63.45,97.61,5.03,0,6.05
4,36.36,93.30,5.01,79.09,38.60,4.90,0,13.67
4,76.02,32.69,5.03,58.13,49.74,4.95,0,6.35
4,19.44,56.25,5.07,44.05,93.16,4.96,0,1.95
4,67.64,56.59,4.92,87.69,131.44,4.74,0,13.96
4,28.42,50.36,4.97,66.63,62.95,5.24,1,12.99
4,8.12,10.92,4.76,63.45,97.61,5.03,1,12.01
4,36.36,93.30,5.01,79.09,38.60,4.90,1,11.43
4,76.02,32.69,5.03,58.13,49.74,4.95,1,25.39
4,19.44,56.25,5.07,44.05,93.16,4.96,1,5.27
4,67.64,56.59,4.92,87.69,131.44,4.74,1,9.96
4,28.42,50.36,4.97,66.63,62.95,5.24,1,13.48
4,8.12,10.92,4.76,63.45,97.61,5.03,1,11.91
4,36.36,93.30,5.01,79.09,38.60,4.90,1,12.01
4,76.02,32.69,5.03,58.13,49.74,4.95,1,16.41
4,19.44,56.25,5.07,44.05,93.16,4.96,1,2.64
4,67.64,56.59,4.92,87.69,131.44,4.74,1,8.59
4,28.42,50.36,4.97,66.63,62.95,5.24,2,16.11
4,8.12,10.92,4.76,63.45,97.61,5.03,2,9.77
4,36.36,93.30,5.01,79.09,38.60,4.90,2,12.70
4,76.02,32.69,5.03,58.13,49.74,4.95,2,13.87
4,19.44,56.25,5.07,44.05,93.16,4.96,2,8.20
4,67.64,56.59,4.92,87.69,131.44,4.74,2,9.18
4,28.42,50.36,4.97,66.63,62.95,5.24,2,15.82
4,8.12,10.92,4.76,63.45,97.61,5.03,2,11.23
4,36.36,93.30,5.01,79.09,38.60,4.90,2,14.45
4,76.02,32.69,5.03,58.13,49.74,4.95,2,5.37
4,19.44,56.25,5.07,44.05,93.16,4.96,2,3.61
4,67.64,56.59,4.92,87.69,131.44,4.74,2,5.96
4,28.42,50.36,4.97,66.63,62.95,5.24,3,47.27
4,8.12,10.92,4.76,63.45,97.61,5.03,3,3.22
4,36.36,93.30,5.01,79.09,38.60,4.90,3,12.30
4,76.02,32.69,5.03,58.13,49.74,4.95,3,12.50
4,19.44,56.25,5.07,44.05,93.16,4.96,3,5.96
4,67.64,56.59,4.92,87.69,131.44,4.74,3,10.55
4,28.42,50.36,4.97,66.63,62.95,5.24,3,42.19
4,8.12,10.92,4.76,63.45,97.61,5.03,3,4.49
4,36.36,93.30,5.01,79.09,38.60,4.90,3,12.70
4,76.02,32.69,5.03,58.13,49.74,4.95,3,4.98
4,19.44,56.25,5.07,44.05,93.16,4.96,3,2.54
4,67.64,56.59,4.92,87.69,131.44,4.74,3,10.45
5,109.29,76.97,4.82,60.88,29.69,4.89,0,4.30
5,82.22,73.60,4.79,88.24,29.13,5.02,0,26.07
5,109.29,76.97,4.82,60.88,29.69,4.89,0,5.57
5,82.22,73.60,4.79,88.24,29.13,5.02,0,29.39
5,109.29,76.97,4.82,60.88,29.69,4.89,1,6.74
5,82.22,73.60,4.79,88.24,29.13,5.02,1,9.57
5,109.29,76.97,4.82,60.88,29.69,4.89,2,4.98
5,82.22,73.60,4.79,88.24,29.13,5.02,2,9.77
5,109.29,76.97,4.82,60.88,29.69,4.89,3,6.84
5,82.22,73.60,4.79,88.24,29.13,5.02,3,27.34
6,132.30,16.81,4.80,103.97,105.90,4.94,0,3.42
6,89.29,81.54,4.81,15.13,20.94,4.75,0,3.22
6,132.30,16.81,4.80,103.97,105.90,4.94,0,2.05
6,89.29,81.54,4.81,15.13,20.94,4.75,0,3.71
6,132.30,16.81,4.80,103.97,105.90,4.94,1,3.71
6,89.29,81.54,4.81,15.13,20.94,4.75,1,2.05
6,132.30,16.81,4.80,103.97,105.90,4.94,2,3.42
6,89.29,81.54,4.81,15.13,20.94,4.75,2,1.95
6,132.30,16.81,4.80,103.97,105.90,4.94,3,1.76
6,89.29,81.54,4.81,15.13,20.94,4.75,3,2.83
7,48.90,47.74,5.29,75.88,53.50,5.24,0,1.56
7,52.45,33.98,5.30,49.01,19.45,5.08,0,2.25
7,48.90,47.74,5.29,75.88,53.50,5.24,0,2.83
7,52.45,33.98,5.30,49.01,19.45,5.08,0,2.44
7,48.90,47.74,5.29,75.88,53.50,5.24,0,2.54
7,52.45,33.98,5.30,49.01,19.45,5.08,0,1.86
7,48.90,47.74,5.29,75.88,53.50,5.24,0,7.52
7,52.45,33.98,5.30,49.01,19.45,5.08,0,1.76
7,48.90,47.74,5.29,75.88,53.50,5.24,1,6.05
7,52.45,33.98,5.30,49.01,19.45,5.08,1,4.00
7,48.90,47.74,5.29,75.88,53.50,5.24,1,4.49
7,52.45,33.98,5.30,49.01,19.45,5.08,1,2.73
7,48.90,47.74,5.29,75.88,53.50,5.24,1,6.05
7,52.45,33.98,5.30,49.01,19.45,5.08,1,3.91
7,48.90,47.74,5.29,75.88,53.50,5.24,1,7.91
7,52.45,33.98,5.30,49.01,19.45,5.08,1,3.12
7,48.90,47.74,5.29,75.88,53.50,5.24,2,4.39
7,52.45,33.98,5.30,49.01,19.45,5.08,2,3.71
7,48.90,47.74,5.29,75.88,53.50,5.24,2,4.88
7,52.45,33.98,5.30,49.01,19.45,5.08,2,4.30
7,48.90,47.74,5.29,75.88,53.50,5.24,2,4.49
7,52.45,33.98,5.30,49.01,19.45,5.08,2,2.93
7,48.90,47.74,5.29,75.88,53.50,5.24,2,7.81
7,52.45,33.98,5.30,49.01,19.45,5.08,2,4.10
7,48.90,47.74,5.29,75.88,53.50,5.24,3,2.34
7,52.45,33.98,5.30,49.01,19.45,5.08,3,0.98
7,48.90,47.74,5.29,75.88,53.50,5.24,3,2.83
7,52.45,33.98,5.30,49.01,19.45,5.08,3,1.76
7,48.90,47.74,5.29,75.88,53.50,5.24,3,2.05
7,52.45,33.98,5.30,49.01,19.45,5.08,3,2.44
7,48.90,47.74,5.29,75.88,53.50,5.24,3,7.71
7,52.45,33.98,5.30,49.01,19.45,5.08,3,1.66
7,50.32,53.02,5.29,73.73,56.56,5.24,1,3.91
7,47.33,28.04,5.30,32.95,28.17,5.08,1,4.10
7,50.32,53.02,5.29,73.73,56.56,5.24,1,4.30
7,47.33,28.04,5.30,32.95,28.17,5.08,1,4.10
7,50.32,53.02,5.29,73.73,56.56,5.24,1,3.22
7,47.33,28.04,5.30,32.95,28.17,5.08,1,3.52
7,50.32,53.02,5.29,73.73,56.56,5.24,2,2.15
7,47.33,28.04,5.30,32.95,28.17,5.08,2,4.10
7,50.32,53.02,5.29,73.73,56.56,5.24,2,6.15
7,47.33,28.04,5.30,32.95,28.17,5.08,2,4.00
7,50.32,53.02,5.29,73.73,56.56,5.24,3,3.52
7,47.33,28.04,5.30,32.95,28.17,5.08,3,1.95
4,28.63,57.57,4.97,65.92,75.41,5.24,0,31.25
4,6.85,10.93,4.76,70.48,108.19,5.03,0,5.47
4,39.33,85.33,5.01,97.47,50.45,4.90,0,14.45
4,59.74,34.52,5.03,78.72,58.40,4.95,0,7.91
4,22.47,54.81,5.07,40.03,78.56,4.96,0,2.25
4,74.72,8.98,4.92,82.40,131.78,4.74,0,6.45
4,28.63,57.57,4.97,65.92,75.41,5.24,1,16.31
4,6.85,10.93,4.76,70.48,108.19,5.03,1,10.64
4,39.33,85.33,5.01,97.47,50.45,4.90,1,14.84
4,59.74,34.52,5.03,78.72,58.40,4.95,1,17.77
4,22.47,54.81,5.07,40.03,78.56,4.96,1,4.88
4,74.72,8.98,4.92,82.40,131.78,4.74,1,6.25
4,28.63,57.57,4.97,65.92,75.41,5.24,2,15.72
4,6.85,10.93,4.76,70.48,108.19,5.03,2,8.69
4,39.33,85.33,5.01,97.47,50.45,4.90,2,15.72
4,59.74,34.52,5.03,78.72,58.40,4.95,2,11.62
4,22.47,54.81,5.07,40.03,78.56,4.96,2,4.00
4,74.72,8.98,4.92,82.40,131.78,4.74,2,5.18
4,28.63,57.57,4.97,65.92,75.41,5.24,3,46.39
4,6.85,10.93,4.76,70.48,108.19,5.03,3,3.91
4,39.33,85.33,5.01,97.47,50.45,4.90,3,12.50
4,59.74,34.52,5.03,78.72,58.40,4.95,3,9.18
4,22.47,54.81,5.07,40.03,78.56,4.96,3,2.25
4,74.72,8.98,4.92,82.40,131.78,4.74,3,12.89
5,125.89,85.35,4.82,140.20,35.15,4.89,0,6.45
5,93.14,81.28,4.79,82.79,33.02,5.02,0,23.14
5,125.89,85.35,4.82,140.20,35.15,4.89,1,6.84
5,93.14,81.28,4.79,82.79,33.02,5.02,1,11.82
5,125.89,85.35,4.82,140.20,35.15,4.89,2,8.50
5,93.14,81.28,4.79,82.79,33.02,5.02,2,13.77
5,125.89,85.35,4.82,140.20,35.15,4.89,3,3.61
5,93.14,81.28,4.79,82.79,33.02,5.02,3,25.78
6,93.81,16.81,4.80,120.16,115.75,4.94,0,2.44
6,76.53,75.39,4.81,15.13,17.80,4.75,0,1.37
6,93.81,16.81,4.80,120.16,115.75,4.94,1,4.30
6,76.53,75.39,4.81,15.13,17.80,4.75,1,1.46
6,93.81,16.81,4.80,120.16,115.75,4.94,2,4.88
6,76.53,75.39,4.81,15.13,17.80,4.75,2,1.27
6,93.81,16.81,4.80,120.16,115.75,4.94,3,3.03
6,76.53,75.39,4.81,15.13,17.80,4.75,3,1.37
7,43.80,46.78,5.29,73.73,42.97,5.24,0,3.52
7,52.24,30.13,5.30,32.95,27.18,5.08,0,2.15
7,43.80,46.78,5.29,73.73,42.97,5.24,3,4.00
7,52.24,30.13,5.30,32.95,27.18,5.08,3,1.66
4,20.38,54.47,4.97,68.20,84.09,5.24,0,37.79
4,5.69,8.67,4.76,86.85,148.61,5.03,0,6.74
4,39.26,79.50,5.01,97.29,58.88,4.90,0,15.23
4,59.90,34.78,5.03,69.61,64.23,4.95,0,4.39
4,19.57,52.77,5.07,41.84,66.52,4.96,0,3.52
4,64.52,66.85,4.92,78.31,136.93,4.74,0,8.59
4,20.38,54.47,4.97,68.20,84.09,5.24,0,34.86
4,5.69,8.67,4.76,86.85,148.61,5.03,0,5.96
4,39.26,79.50,5.01,97.29,58.88,4.90,0,12.89
4,59.90,34.78,5.03,69.61,64.23,4.95,0,5.47
4,19.57,52.77,5.07,41.84,66.52,4.96,0,3.12
4,64.52,66.85,4.92,78.31,136.93,4.74,0,6.54
4,20.38,54.47,4.97,68.20,84.09,5.24,0,34.38
4,5.69,8.67,4.76,86.85,148.61,5.03,0,4.79
4,39.26,79.50,5.01,97.29,58.88,4.90,0,12.11
4,59.90,34.78,5.03,69.61,64.23,4.95,0,8.20
4,19.57,52.77,5.07,41.84,66.52,4.96,0,2.34
4,64.52,66.85,4.92,78.31,136.93,4.74,0,8.40
4,20.38,54.47,4.97,68.20,84.09,5.24,1,9.47
4,5.69,8.67,4.76,86.85,148.61,5.03,1,15.82
4,39.26,79.50,5.01,97.29,58.88,4.90,1,15.43
4,59.90,34.78,5.03,69.61,64.23,4.95,1,15.92
4,19.57,52.77,5.07,41.84,66.52,4.96,1,3.52
4,64.52,66.85,4.92,78.31,136.93,4.74,1,4.88
4,20.38,54.47,4.97,68.20,84.09,5.24,1,7.91
4,5.69,8.67,4.76,86.85,148.61,5.03,1,13.18
4,39.26,79.50,5.01,97.29,58.88,4.90,1,13.48
4,59.90,34.78,5.03,69.61,64.23,4.95,1,14.55
4,19.57,52.77,5.07,41.84,66.52,4.96,1,3.12
4,64.52,66.85,4.92,78.31,136.93,4.74,1,6.93
4,20.38,54.47,4.97,68.20,84.09,5.24,1,10.74
4,5.69,8.67,4.76,86.85,148.61,5.03,1,12.50
4,39.26,79.50,5.01,97.29,58.88,4.90,1,16.50
4,59.90,34.78,5.03,69.61,64.23,4.95,1,20.31
4,19.57,52.77,5.07,41.84,66.52,4.96,1,2.64
4,64.52,66.85,4.92,78.31,136.93,4.74,1,9.18
4,20.38,54.47,4.97,68.20,84.09,5.24,2,11.52
4,5.69,8.67,4.76,86.85,148.61,5.03,2,14.84
4,39.26,79.50,5.01,97.29,58.88,4.90,2,16.99
4,59.90,34.78,5.03,69.61,64.23,4.95,2,4.20
4,19.57,52.77,5.07,41.84,66.52,4.96,2,4.30
4,64.52,66.85,4.92,78.31,136.93,4.74,2,5.47
4,20.38,54.47,4.97,68.20,84.09,5.24,2,9.86
4,5.69,8.67,4.76,86.85,148.61,5.03,2,9.96
4,39.26,79.50,5.01,97.29,58.88,4.90,2,16.31
4,59.90,34.78,5.03,69.61,64.23,4.95,2,4.30
4,19.57,52.77,5.07,41.84,66.52,4.96,2,4.30
4,64.52,66.85,4.92,78.31,136.93,4.74,2,5.66
4,20.38,54.47,4.97,68.20,84.09,5.24,2,7.62
4,5.69,8.67,4.76,86.85,148.61,5.03,2,12.70
4,39.26,79.50,5.01,97.29,58.88,4.90,2,16.70
4,59.90,34.78,5.03,69.61,64.23,4.95,2,13.18
4,19.57,52.77,5.07,41.84,66.52,4.96,2,5.18
4,64.52,66.85,4.92,78.31,136.93,4.74,2,6.15
4,20.38,54.47,4.97,68.20,84.09,5.24,3,42.19
4,5.69,8.67,4.76,86.85,148.61,5.03,3,4.30
4,39.26,79.50,5.01,97.29,58.88,4.90,3,16.02
4,59.90,34.78,5.03,69.61,64.23,4.95,3,1.76
4,19.57,52.77,5.07,41.84,66.52,4.96,3,3.52
4,64.52,66.85,4.92,78.31,136.93,4.74,3,8.30
4,20.38,54.47,4.97,68.20,84.09,5.24,3,41.11
4,5.69,8.67,4.76,86.85,148.61,5.03,3,4.69
4,39.26,79.50,5.01,97.29,58.88,4.90,3,14.55
4,59.90,34.78,5.03,69.61,64.23,4.95,3,3.12
4,19.57,52.77,5.07,41.84,66.52,4.96,3,2.93
4,64.52,66.85,4.92,78.31,136.93,4.74,3,7.13
4,20.38,54.47,4.97,68.20,84.09,5.24,3,43.46
4,5.69,8.67,4.76,86.85,148.61,5.03,3,4.88
4,39.26,79.50,5.01,97.29,58.88,4.90,3,14.36
4,59.90,34.78,5.03,69.61,64.23,4.95,3,8.50
4,19.57,52.77,5.07,41.84,66.52,4.96,3,2.44
4,64.52,66.85,4.92,78.31,136.93,4.74,3,10.16
1,94.11,41.45,4.64,89.53,73.16,4.72,0,20.31
1,96.60,111.46,4.69,89.94,42.22,4.92,0,5.96
1,94.11,41.45,4.64,89.53,73.16,4.72,0,23.83
1,96.60,111.46,4.69,89.94,42.22,4.92,0,5.66
1,94.11,41.45,4.64,89.53,73.16,4.72,1,8.69
1,96.60,111.46,4.69,89.94,42.22,4.92,1,6.25
1,94.11,41.45,4.64,89.53,73.16,4.72,1,5.76
1,96.60,111.46,4.69,89.94,42.22,4.92,1,6.45
1,94.11,41.45,4.64,89.53,73.16,4.72,2,5.76
1,96.60,111.46,4.69,89.94,42.22,4.92,2,4.98
1,94.11,41.45,4.64,89.53,73.16,4.72,2,5.76
1,96.60,111.46,4.69,89.94,42.22,4.92,2,4.49
1,94.11,41.45,4.64,89.53,73.16,4.72,3,23.73
1,96.60,111.46,4.69,89.94,42.22,4.92,3,3.81
1,94.11,41.45,4.64,89.53,73.16,4.72,3,23.44
1,96.60,111.46,4.69,89.94,42.22,4.92,3,3.61
2,100.71,188.68,4.50,92.05,101.98,4.69,0,7.23
2,83.51,116.81,4.65,130.69,191.50,4.61,0,25.59
2,100.71,188.68,4.50,92.05,101.98,4.69,1,8.01
2,83.51,116.81,4.65,130.69,191.50,4.61,1,27.34
2,100.71,188.68,4.50,92.05,101.98,4.69,1,7.23
2,83.51,116.81,4.65,130.69,191.50,4.61,1,29.00
2,100.71,188.68,4.50,92.05,101.98,4.69,2,10.25
2,83.51,116.81,4.65,130.69,191.50,4.61,2,29.20
2,100.71,188.68,4.50,92.05,101.98,4.69,3,4.20
2,83.51,116.81,4.65,130.69,191.50,4.61,3,21.39
5,107.90,81.14,4.82,68.99,35.16,4.89,0,4.39
5,95.65,74.50,4.79,102.93,37.26,5.02,0,25.29
5,107.90,81.14,4.82,68.99,35.16,4.89,0,4.88
5,95.65,74.50,4.79,102.93,37.26,5.02,0,25.20
5,107.90,81.14,4.82,68.99,35.16,4.89,1,5.37
5,95.65,74.50,4.79,102.93,37.26,5.02,1,8.40
5,107.90,81.14,4.82,68.99,35.16,4.89,1,7.42
5,95.65,74.50,4.79,102.93,37.26,5.02,1,8.79
5,107.90,81.14,4.82,68.99,35.16,4.89,2,6.93
5,95.65,74.50,4.79,102.93,37.26,5.02,2,11.52
5,107.90,81.14,4.82,68.99,35.16,4.89,2,7.03
5,95.65,74.50,4.79,102.93,37.26,5.02,2,8.89
5,107.90,81.14,4.82,68.99,35.16,4.89,3,5.66
5,95.65,74.50,4.79,102.93,37.26,5.02,3,22.27
5,107.90,81.14,4.82,68.99,35.16,4.89,3,3.22
5,95.65,74.50,4.79,102.93,37.26,5.02,3,23.83
6,82.98,16.81,4.80,96.44,117.06,4.94,0,3.03
6,125.67,98.44,4.81,90.61,47.11,4.75,0,1.07
6,82.98,16.81,4.80,96.44,117.06,4.94,0,3.52
6,125.67,98.44,4.81,90.61,47.11,4.75,0,0.88
6,82.98,16.81,4.80,96.44,117.06,4.94,1,4.49
6,125.67,98.44,4.81,90.61,47.11,4.75,1,1.37
6,82.98,16.81,4.80,96.44,117.06,4.94,1,5.18
6,125.67,98.44,4.81,90.61,47.11,4.75,1,1.07
6,82.98,16.81,4.80,96.44,117.06,4.94,1,3.71
6,125.67,98.44,4.81,90.61,47.11,4.75,1,1.46
6,82.98,16.81,4.80,96.44,117.06,4.94,2,6.15
6,125.67,98.44,4.81,90.61,47.11,4.75,2,1.76
6,82.98,16.81,4.80,96.44,117.06,4.94,2,5.66
6,125.67,98.44,4.81,90.61,47.11,4.75,2,1.37
6,82.98,16.81,4.80,96.44,117.06,4.94,2,4.39
6,125.67,98.44,4.81,90.61,47.11,4.75,2,2.34
6,82.98,16.81,4.80,96.44,117.06,4.94,3,1.56
6,125.67,98.44,4.81,90.61,47.11,4.75,3,1.17
6,82.98,16.81,4.80,96.44,117.06,4.94,3,0.98
6,125.67,98.44,4.81,90.61,47.11,4.75,3,1.17
6,82.98,16.81,4.80,96.44,117.06,4.94,3,1.07
6,125.67,98.44,4.81,90.61,47.11,4.75,3,1.95
7,51.51,55.33,5.29,63.72,49.45,5.24,0,5.27
7,53.15,31.21,5.30,37.09,29.16,5.08,0,1.86
7,51.51,55.33,5.29,63.72,49.45,5.24,0,3.71
7,53.15,31.21,5.30,37.09,29.16,5.08,0,1.95
7,51.51,55.33,5.29,63.72,49.45,5.24,0,3.61
7,53.15,31.21,5.30,37.09,29.16,5.08,0,2.25
7,51.51,55.33,5.29,63.72,49.45,5.24,1,3.61
7,53.15,31.21,5.30,37.09,29.16,5.08,1,2.73
7,51.51,55.33,5.29,63.72,49.45,5.24,1,7.81
7,53.15,31.21,5.30,37.09,29.16,5.08,1,2.83
7,51.51,55.33,5.29,63.72,49.45,5.24,1,4.00
7,53.15,31.21,5.30,37.09,29.16,5.08,1,3.61
7,51.51,55.33,5.29,63.72,49.45,5.24,2,4.59
7,53.15,31.21,5.30,37.09,29.16,5.08,2,2.93
7,51.51,55.33,5.29,63.72,49.45,5.24,2,5.08
7,53.15,31.21,5.30,37.09,29.16,5.08,2,2.44
7,51.51,55.33,5.29,63.72,49.45,5.24,2,2.64
7,53.15,31.21,5.30,37.09,29.16,5.08,2,4.59
7,51.51,55.33,5.29,63.72,49.45,5.24,3,5.86
7,53.15,31.21,5.30,37.09,29.16,5.08,3,1.46
7,51.51,55.33,5.29,63.72,49.45,5.24,3,0.88
7,53.15,31.21,5.30,37.09,29.16,5.08,3,1.86
7,51.51,55.33,5.29,63.72,49.45,5.24,3,3.81
7,53.15,31.21,5.30,37.09,29.16,5.08,3,2.25
4,26.71,48.31,4.97,66.48,72.35,5.24,0,33.69
4,5.23,8.05,4.76,66.32,92.73,5.03,0,6.54
4,28.66,55.91,5.01,88.86,52.09,4.90,0,14.06
4,56.25,34.46,5.03,77.15,59.22,4.95,0,5.57
4,20.86,49.51,5.07,42.90,65.00,4.96,0,2.05
4,64.52,46.81,4.92,92.42,177.65,4.74,0,6.74
4,26.71,48.31,4.97,66.48,72.35,5.24,0,35.16
4,5.23,8.05,4.76,66.32,92.73,5.03,0,7.32
4,28.66,55.91,5.01,88.86,52.09,4.90,0,16.89
4,56.25,34.46,5.03,77.15,59.22,4.95,0,6.25
4,20.86,49.51,5.07,42.90,65.00,4.96,0,2.93
4,64.52,46.81,4.92,92.42,177.65,4.74,0,5.76
4,26.71,48.31,4.97,66.48,72.35,5.24,0,36.33
4,5.23,8.05,4.76,66.32,92.73,5.03,0,5.57
4,28.66,55.91,5.01,88.86,52.09,4.90,0,13.57
4,56.25,34.46,5.03,77.15,59.22,4.95,0,5.57
4,20.86,49.51,5.07,42.90,65.00,4.96,0,1.37
4,64.52,46.81,4.92,92.42,177.65,4.74,0,8.69
4,26.71,48.31,4.97,66.48,72.35,5.24,0,36.43
4,5.23,8.05,4.76,66.32,92.73,5.03,0,6.05
4,28.66,55.91,5.01,88.86,52.09,4.90,0,12.99
4,56.25,34.46,5.03,77.15,59.22,4.95,0,11.23
4,20.86,49.51,5.07,42.90,65.00,4.96,0,1.66
4,64.52,46.81,4.92,92.42,177.65,4.74,0,4.59
4,26.71,48.31,4.97,66.48,72.35,5.24,0,36.33
4,5.23,8.05,4.76,66.32,92.73,5.03,0,6.64
4,28.66,55.91,5.01,88.86,52.09,4.90,0,12.21
4,56.25,34.46,5.03,77.15,59.22,4.95,0,5.86
4,20.86,49.51,5.07,42.90,65.00,4.96,0,4.49
4,64.52,46.81,4.92,92.42,177.65,4.74,0,9.57
4,26.71,48.31,4.97,66.48,72.35,5.24,1,9.18
4,5.23,8.05,4.76,66.32,92.73,5.03,1,15.14
4,28.66,55.91,5.01,88.86,52.09,4.90,1,15.43
4,56.25,34.46,5.03,77.15,59.22,4.95,1,18.26
4,20.86,49.51,5.07,42.90,65.00,4.96,1,4.30
4,64.52,46.81,4.92,92.42,177.65,4.74,1,6.25
4,26.71,48.31,4.97,66.48,72.35,5.24,1,7.81
4,5.23,8.05,4.76,66.32,92.73,5.03,1,12.40
4,28.66,55.91,5.01,88.86,52.09,4.90,1,15.43
4,56.25,34.46,5.03,77.15,59.22,4.95,1,21.78
4,20.86,49.51,5.07,42.90,65.00,4.96,1,2.34
4,64.52,46.81,4.92,92.42,177.65,4.74,1,6.64
4,26.71,48.31,4.97,66.48,72.35,5.24,1,10.74
4,5.23,8.05,4.76,66.32,92.73,5.03,1,11.72
4,28.66,55.91,5.01,88.86,52.09,4.90,1,17.19
4,56.25,34.46,5.03,77.15,59.22,4.95,1,22.56
4,20.86,49.51,5.07,42.90,65.00,4.96,1,4.20
4,64.52,46.81,4.92,92.42,177.65,4.74,1,7.03
4,26.71,48.31,4.97,66.48,72.35,5.24,1,10.25
4,5.23,8.05,4.76,66.32,92.73,5.03,1,10.64
4,28.66,55.91,5.01,88.86,52.09,4.90,1,12.70
4,56.25,34.46,5.03,77.15,59.22,4.95,1,15.92
4,20.86,49.51,5.07,42.90,65.00,4.96,1,3.81
4,64.52,46.81,4.92,92.42,177.65,4.74,1,3.81
4,26.71,48.31,4.97,66.48,72.35,5.24,1,11.91
4,5.23,8.05,4.76,66.32,92.73,5.03,1,13.77
4,28.66,55.91,5.01,88.86,52.09,4.90,1,13.57
4,56.25,34.46,5.03,77.15,59.22,4.95,1,15.04
4,20.86,49.51,5.07,42.90,65.00,4.96,1,3.42
4,64.52,46.81,4.92,92.42,177.65,4.74,1,6.84
4,26.71,48.31,4.97,66.48,72.35,5.24,2,9.77
4,5.23,8.05,4.76,66.32,92.73,5.03,2,12.01
4,28.66,55.91,5.01,88.86,52.09,4.90,2,12.89
4,56.25,34.46,5.03,77.15,59.22,4.95,2,4.69
4,20.86,49.51,5.07,42.90,65.00,4.96,2,2.44
4,64.52,46.81,4.92,92.42,177.65,4.74,2,5.86
4,26.71,48.31,4.97,66.48,72.35,5.24,2,9.86
4,5.23,8.05,4.76,66.32,92.73,5.03,2,8.20
4,28.66,55.91,5.01,88.86,52.09,4.90,2,15.53
4,56.25,34.46,5.03,77.15,59.22,4.95,2,7.91
4,20.86,49.51,5.07,42.90,65.00,4.96,2,5.08
4,64.52,46.81,4.92,92.42,177.65,4.74,2,8.30
4,26.71,48.31,4.97,66.48,72.35,5.24,2,7.03
4,5.23,8.05,4.76,66.32,92.73,5.03,2,10.35
4,28.66,55.91,5.01,88.86,52.09,4.90,2,14.36
4,56.25,34.46,5.03,77.15,59.22,4.95,2,14.75
4,20.86,49.51,5.07,42.90,65.00,4.96,2,8.59
4,64.52,46.81,4.92,92.42,177.65,4.74,2,6.05
4,26.71,48.31,4.97,66.48,72.35,5.24,2,9.57
4,5.23,8.05,4.76,66.32,92.73,5.03,2,10.74
4,28.66,55.91,5.01,88.86,52.09,4.90,2,11.23
4,56.25,34.46,5.03,77.15,59.22,4.95,2,7.42
4,20.86,49.51,5.07,42.90,65.00,4.96,2,4.88
4,64.52,46.81,4.92,92.42,177.65,4.74,2,4.20
4,26.71,48.31,4.97,66.48,72.35,5.24,2,10.84
4,5.23,8.05,4.76,66.32,92.73,5.03,2,9.57
4,28.66,55.91,5.01,88.86,52.09,4.90,2,14.65
4,56.25,34.46,5.03,77.15,59.22,4.95,2,8.50
4,20.86,49.51,5.07,42.90,65.00,4.96,2,5.27
4,64.52,46.81,4.92,92.42,177.65,4.74,2,6.74
4,26.71,48.31,4.97,66.48,72.35,5.24,3,43.26
4,5.23,8.05,4.76,66.32,92.73,5.03,3,4.49
4,28.66,55.91,5.01,88.86,52.09,4.90,3,14.55
4,56.25,34.46,5.03,77.15,59.22,4.95,3,3.03
4,20.86,49.51,5.07,42.90,65.00,4.96,3,3.03
4,64.52,46.81,4.92,92.42,177.65,4.74,3,6.45
4,26.71,48.31,4.97,66.48,72.35,5.24,3,42.29
4,5.23,8.05,4.76,66.32,92.73,5.03,3,4.30
4,28.66,55.91,5.01,88.86,52.09,4.90,3,15.43
4,56.25,34.46,5.03,77.15,59.22,4.95,3,5.66
4,20.86,49.51,5.07,42.90,65.00,4.96,3,2.73
4,64.52,46.81,4.92,92.42,177.65,4.74,3,6.64
4,26.71,48.31,4.97,66.48,72.35,5.24,3,40.92
4,5.23,8.05,4.76,66.32,92.73,5.03,3,4.69
4,28.66,55.91,5.01,88.86,52.09,4.90,3,11.91
4,56.25,34.46,5.03,77.15,59.22,4.95,3,4.10
4,20.86,49.51,5.07,42.90,65.00,4.96,3,2.34
4,64.52,46.81,4.92,92.42,177.65,4.74,3,8.89
4,26.71,48.31,4.97,66.48,72.35,5.24,3,42.09
4,5.23,8.05,4.76,66.32,92.73,5.03,3,4.39
4,28.66,55.91,5.01,88.86,52.09,4.90,3,11.82
4,56.25,34.46,5.03,77.15,59.22,4.95,3,4.98
4,20.86,49.51,5.07,42.90,65.00,4.96,3,2.44
4,64.52,46.81,4.92,92.42,177.65,4.74,3,7.13
4,26.71,48.31,4.97,66.48,72.35,5.24,3,42.87
4,5.23,8.05,4.76,66.32,92.73,5.03,3,5.76
4,28.66,55.91,5.01,88.86,52.09,4.90,3,11.91
4,56.25,34.46,5.03,77.15,59.22,4.95,3,4.30
4,20.86,49.51,5.07,42.90,65.00,4.96,3,3.61
4,64.52,46.81,4.92,92.42,177.65,4.74,3,8.11
1,73.71,41.45,4.64,62.74,79.96,4.72,0,33.59
1,81.24,93.32,4.69,89.94,21.03,4.92,0,12.50
1,73.71,41.45,4.64,62.74,79.96,4.72,0,21.00
1,81.24,93.32,4.69,89.94,21.03,4.92,0,3.91
1,73.71,41.45,4.64,62.74,79.96,4.72,0,25.68
1,81.24,93.32,4.69,89.94,21.03,4.92,0,5.96
1,73.71,41.45,4.64,62.74,79.96,4.72,0,21.09
1,81.24,93.32,4.69,89.94,21.03,4.92,0,16.41
1,73.71,41.45,4.64,62.74,79.96,4.72,0,31.84
1,81.24,93.32,4.69,89.94,21.03,4.92,0,8.89
1,73.71,41.45,4.64,62.74,79.96,4.72,1,3.91
1,81.24,93.32,4.69,89.94,21.03,4.92,1,5.27
1,73.71,41.45,4.64,62.74,79.96,4.72,1,5.57
1,81.24,93.32,4.69,89.94,21.03,4.92,1,6.15
1,73.71,41.45,4.64,62.74,79.96,4.72,1,19.63
1,81.24,93.32,4.69,89.94,21.03,4.92,1,8.50
1,73.71,41.45,4.64,62.74,79.96,4.72,1,5.96
1,81.24,93.32,4.69,89.94,21.03,4.92,1,22.07
1,73.71,41.45,4.64,62.74,79.96,4.72,1,12.89
1,81.24,93.32,4.69,89.94,21.03,4.92,1,7.52
1,73.71,41.45,4.64,62.74,79.96,4.72,2,5.27
1,81.24,93.32,4.69,89.94,21.03,4.92,2,5.57
1,73.71,41.45,4.64,62.74,79.96,4.72,2,4.98
1,81.24,93.32,4.69,89.94,21.03,4.92,2,4.39
1,73.71,41.45,4.64,62.74,79.96,4.72,2,22.95
1,81.24,93.32,4.69,89.94,21.03,4.92,2,9.28
1,73.71,41.45,4.64,62.74,79.96,4.72,2,5.76
1,81.24,93.32,4.69,89.94,21.03,4.92,2,21.58
1,73.71,41.45,4.64,62.74,79.96,4.72,2,13.48
1,81.24,93.32,4.69,89.94,21.03,4.92,2,6.15
1,73.71,41.45,4.64,62.74,79.96,4.72,3,23.24
1,81.24,93.32,4.69,89.94,21.03,4.92,3,4.49
1,73.71,41.45,4.64,62.74,79.96,4.72,3,20.90
1,81.24,93.32,4.69,89.94,21.03,4.92,3,3.81
1,73.71,41.45,4.64,62.74,79.96,4.72,3,23.83
1,81.24,93.32,4.69,89.94,21.03,4.92,3,3.81
1,73.71,41.45,4.64,62.74,79.96,4.72,3,24.32
1,81.24,93.32,4.69,89.94,21.03,4.92,3,16.99
1,73.71,41.45,4.64,62.74,79.96,4.72,3,26.37
1,81.24,93.32,4.69,89.94,21.03,4.92,3,6.45
2,129.79,230.44,4.50,114.56,123.42,4.69,0,6.35
2,94.04,156.65,4.65,55.62,161.53,4.61,0,28.03
2,129.79,230.44,4.50,114.56,123.42,4.69,0,5.37
2,94.04,156.65,4.65,55.62,161.53,4.61,0,22.85
2,129.79,230.44,4.50,114.56,123.42,4.69,0,2.93
2,94.04,156.65,4.65,55.62,161.53,4.61,0,25.68
2,129.79,230.44,4.50,114.56,123.42,4.69,0,4.79
2,94.04,156.65,4.65,55.62,161.53,4.61,0,26.76
2,129.79,230.44,4.50,114.56,123.42,4.69,0,4.59
2,94.04,156.65,4.65,55.62,161.53,4.61,0,25.59
2,129.79,230.44,4.50,114.56,123.42,4.69,1,8.40
2,94.04,156.65,4.65,55.62,161.53,4.61,1,29.39
2,129.79,230.44,4.50,114.56,123.42,4.69,1,3.81
2,94.04,156.65,4.65,55.62,161.53,4.61,1,29.59
2,129.79,230.44,4.50,114.56,123.42,4.69,1,5.57
2,94.04,156.65,4.65,55.62,161.53,4.61,1,26.17
2,129.79,230.44,4.50,114.56,123.42,4.69,1,8.40
2,94.04,156.65,4.65,55.62,161.53,4.61,1,25.88
2,129.79,230.44,4.50,114.56,123.42,4.69,1,6.15
2,94.04,156.65,4.65,55.62,161.53,4.61,1,28.61
2,129.79,230.44,4.50,114.56,123.42,4.69,2,5.86
2,94.04,156.65,4.65,55.62,161.53,4.61,2,27.54
2,129.79,230.44,4.50,114.56,123.42,4.69,2,5.76
2,94.04,156.65,4.65,55.62,161.53,4.61,2,24.61
2,129.79,230.44,4.50,114.56,123.42,4.69,2,3.91
2,94.04,156.65,4.65,55.62,161.53,4.61,2,26.95
2,129.79,230.44,4.50,114.56,123.42,4.69,2,4.39
2,94.04,156.65,4.65,55.62,161.53,4.61,2,24.61
2,129.79,230.44,4.50,114.56,123.42,4.69,2,5.27
2,94.04,156.65,4.65,55.62,161.53,4.61,2,26.76
2,129.79,230.44,4.50,114.56,123.42,4.69,3,4.30
2,94.04,156.65,4.65,55.62,161.53,4.61,3,28.03
2,129.79,230.44,4.50,114.56,123.42,4.69,3,7.32
2,94.04,156.65,4.65,55.62,161.53,4.61,3,20.02
2,129.79,230.44,4.50,114.56,123.42,4.69,3,2.15
2,94.04,156.65,4.65,55.62,161.53,4.61,3,26.56
2,129.79,230.44,4.50,114.56,123.42,4.69,3,5.27
2,94.04,156.65,4.65,55.62,161.53,4.61,3,24.12
2,129.79,230.44,4.50,114.56,123.42,4.69,3,4.79
2,94.04,156.65,4.65,55.62,161.53,4.61,3,27.34
5,79.24,64.19,4.82,102.86,34.98,4.89,0,4.69
5,94.24,72.02,4.79,96.50,35.48,5.02,0,28.03
5,79.24,64.19,4.82,102.86,34.98,4.89,0,2.93
5,94.24,72.02,4.79,96.50,35.48,5.02,0,22.17
5,79.24,64.19,4.82,102.86,34.98,4.89,1,5.57
5,94.24,72.02,4.79,96.50,35.48,5.02,1,8.59
5,79.24,64.19,4.82,102.86,34.98,4.89,1,5.08
5,94.24,72.02,4.79,96.50,35.48,5.02,1,7.32
5,79.24,64.19,4.82,102.86,34.98,4.89,1,4.98
5,94.24,72.02,4.79,96.50,35.48,5.02,1,8.20
5,79.24,64.19,4.82,102.86,34.98,4.89,1,4.39
5,94.24,72.02,4.79,96.50,35.48,5.02,1,7.62
5,79.24,64.19,4.82,102.86,34.98,4.89,1,4.79
5,94.24,72.02,4.79,96.50,35.48,5.02,1,8.50
5,79.24,64.19,4.82,102.86,34.98,4.89,2,5.66
5,94.24,72.02,4.79,96.50,35.48,5.02,2,10.64
5,79.24,64.19,4.82,102.86,34.98,4.89,2,4.69
5,94.24,72.02,4.79,96.50,35.48,5.02,2,8.01
5,79.24,64.19,4.82,102.86,34.98,4.89,2,6.64
5,94.24,72.02,4.79,96.50,35.48,5.02,2,8.20
5,79.24,64.19,4.82,102.86,34.98,4.89,2,4.98
5,94.24,72.02,4.79,96.50,35.48,5.02,2,7.52
5,79.24,64.19,4.82,102.86,34.98,4.89,3,6.05
5,94.24,72.02,4.79,96.50,35.48,5.02,3,24.71
5,79.24,64.19,4.82,102.86,34.98,4.89,3,2.25
5,94.24,72.02,4.79,96.50,35.48,5.02,3,21.48
6,68.01,16.81,4.80,81.92,120.23,4.94,0,4.20
6,85.04,104.46,4.81,68.70,44.75,4.75,0,1.46
6,68.01,16.81,4.80,81.92,120.23,4.94,0,2.64
6,85.04,104.46,4.81,68.70,44.75,4.75,0,1.17
6,68.01,16.81,4.80,81.92,120.23,4.94,0,2.64
6,85.04,104.46,4.81,68.70,44.75,4.75,0,1.46
6,68.01,16.81,4.80,81.92,120.23,4.94,0,2.54
6,85.04,104.46,4.81,68.70,44.75,4.75,0,1.86
6,68.01,16.81,4.80,81.92,120.23,4.94,0,2.54
6,85.04,104.46,4.81,68.70,44.75,4.75,0,0.78
6,68.01,16.81,4.80,81.92,120.23,4.94,0,4.00
6,85.04,104.46,4.81,68.70,44.75,4.75,0,1.76
6,68.01,16.81,4.80,81.92,120.23,4.94,1,3.52
6,85.04,104.46,4.81,68.70,44.75,4.75,1,1.86
6,68.01,16.81,4.80,81.92,120.23,4.94,1,4.20
6,85.04,104.46,4.81,68.70,44.75,4.75,1,1.56
6,68.01,16.81,4.80,81.92,120.23,4.94,1,3.91
6,85.04,104.46,4.81,68.70,44.75,4.75,1,0.88
6,68.01,16.81,4.80,81.92,120.23,4.94,1,4.20
6,85.04,104.46,4.81,68.70,44.75,4.75,1,2.05
6,68.01,16.81,4.80,81.92,120.23,4.94,1,4.79
6,85.04,104.46,4.81,68.70,44.75,4.75,1,0.98
6,68.01,16.81,4.80,81.92,120.23,4.94,2,4.39
6,85.04,104.46,4.81,68.70,44.75,4.75,2,1.46
6,68.01,16.81,4.80,81.92,120.23,4.94,2,3.61
6,85.04,104.46,4.81,68.70,44.75,4.75,2,1.17
6,68.01,16.81,4.80,81.92,120.23,4.94,2,3.12
6,85.04,104.46,4.81,68.70,44.75,4.75,2,1.66
6,68.01,16.81,4.80,81.92,120.23,4.94,2,3.52
6,85.04,104.46,4.81,68.70,44.75,4.75,2,1.27
6,68.01,16.81,4.80,81.92,120.23,4.94,2,4.69
6,85.04,104.46,4.81,68.70,44.75,4.75,2,0.98
6,68.01,16.81,4.80,81.92,120.23,4.94,3,1.76
6,85.04,104.46,4.81,68.70,44.75,4.75,3,0.98
6,68.01,16.81,4.80,81.92,120.23,4.94,3,1.17
6,85.04,104.46,4.81,68.70,44.75,4.75,3,1.95
6,68.01,16.81,4.80,81.92,120.23,4.94,3,1.27
6,85.04,104.46,4.81,68.70,44.75,4.75,3,1.56
6,68.01,16.81,4.80,81.92,120.23,4.94,3,1.66
6,85.04,104.46,4.81,68.70,44.75,4.75,3,1.17
6,68.01,16.81,4.80,81.92,120.23,4.94,3,1.46
6,85.04,104.46,4.81,68.70,44.75,4.75,3,1.07
7,54.19,56.15,5.29,63.72,49.45,5.24,0,3.12
7,53.01,37.36,5.30,36.45,30.21,5.08,0,1.86
7,54.19,56.15,5.29,63.72,49.45,5.24,0,2.83
7,53.01,37.36,5.30,36.45,30.21,5.08,0,1.66
7,54.19,56.15,5.29,63.72,49.45,5.24,0,1.86
7,53.01,37.36,5.30,36.45,30.21,5.08,0,1.56
7,54.19,56.15,5.29,63.72,49.45,5.24,0,2.64
7,53.01,37.36,5.30,36.45,30.21,5.08,0,2.05
7,54.19,56.15,5.29,63.72,49.45,5.24,0,2.93
7,53.01,37.36,5.30,36.45,30.21,5.08,0,1.95
7,54.19,56.15,5.29,63.72,49.45,5.24,1,1.76
7,53.01,37.36,5.30,36.45,30.21,5.08,1,2.44
7,54.19,56.15,5.29,63.72,49.45,5.24,1,2.44
7,53.01,37.36,5.30,36.45,30.21,5.08,1,3.52
7,54.19,56.15,5.29,63.72,49.45,5.24,1,4.98
7,53.01,37.36,5.30,36.45,30.21,5.08,1,2.73
7,54.19,56.15,5.29,63.72,49.45,5.24,1,2.15
7,53.01,37.36,5.30,36.45,30.21,5.08,1,2.73
7,54.19,56.15,5.29,63.72,49.45,5.24,1,5.37
7,53.01,37.36,5.30,36.45,30.21,5.08,1,3.32
7,54.19,56.15,5.29,63.72,49.45,5.24,2,3.91
7,53.01,37.36,5.30,36.45,30.21,5.08,2,3.03
7,54.19,56.15,5.29,63.72,49.45,5.24,2,3.61
7,53.01,37.36,5.30,36.45,30.21,5.08,2,2.44
7,54.19,56.15,5.29,63.72,49.45,5.24,2,3.03
7,53.01,37.36,5.30,36.45,30.21,5.08,2,2.73
7,54.19,56.15,5.29,63.72,49.45,5.24,2,2.05
7,53.01,37.36,5.30,36.45,30.21,5.08,2,2.93
7,54.19,56.15,5.29,63.72,49.45,5.24,2,1.86
7,53.01,37.36,5.30,36.45,30.21,5.08,2,2.73
7,54.19,56.15,5.29,63.72,49.45,5.24,3,3.03
7,53.01,37.36,5.30,36.45,30.21,5.08,3,1.66
7,54.19,56.15,5.29,63.72,49.45,5.24,3,3.12
7,53.01,37.36,5.30,36.45,30.21,5.08,3,1.17
7,54.19,56.15,5.29,63.72,49.45,5.24,3,2.15
7,53.01,37.36,5.30,36.45,30.21,5.08,3,1.76
7,54.19,56.15,5.29,63.72,49.45,5.24,3,2.34
7,53.01,37.36,5.30,36.45,30.21,5.08,3,1.37
7,54.19,56.15,5.29,63.72,49.45,5.24,3,3.91
7,53.01,37.36,5.30,36.45,30.21,5.08,3,2.64
4,27.95,54.00,4.97,55.63,72.80,5.24,0,36.23
4,8.05,10.39,4.76,67.12,108.84,5.03,0,6.05
4,40.10,97.02,5.01,101.44,51.63,4.90,0,12.40
4,47.85,29.27,5.03,77.49,60.66,4.95,0,5.66
4,19.98,52.97,5.07,42.90,79.90,4.96,0,3.42
4,43.63,48.59,4.92,85.01,177.65,4.74,0,11.04
4,27.95,54.00,4.97,55.63,72.80,5.24,0,35.74
4,8.05,10.39,4.76,67.12,108.84,5.03,0,6.54
4,40.10,97.02,5.01,101.44,51.63,4.90,0,14.16
4,47.85,29.27,5.03,77.49,60.66,4.95,0,13.67
4,19.98,52.97,5.07,42.90,79.90,4.96,0,3.03
4,43.63,48.59,4.92,85.01,177.65,4.74,0,7.91
4,27.95,54.00,4.97,55.63,72.80,5.24,0,34.08
4,8.05,10.39,4.76,67.12,108.84,5.03,0,6.35
4,40.10,97.02,5.01,101.44,51.63,4.90,0,12.30
4,47.85,29.27,5.03,77.49,60.66,4.95,0,6.84
4,19.98,52.97,5.07,42.90,79.90,4.96,0,2.34
4,43.63,48.59,4.92,85.01,177.65,4.74,0,8.98
4,27.95,54.00,4.97,55.63,72.80,5.24,0,35.84
4,8.05,10.39,4.76,67.12,108.84,5.03,0,6.93
4,40.10,97.02,5.01,101.44,51.63,4.90,0,14.75
4,47.85,29.27,5.03,77.49,60.66,4.95,0,4.98
4,19.98,52.97,5.07,42.90,79.90,4.96,0,1.95
4,43.63,48.59,4.92,85.01,177.65,4.74,0,10.45
4,27.95,54.00,4.97,55.63,72.80,5.24,0,35.25
4,8.05,10.39,4.76,67.12,108.84,5.03,0,5.66
4,40.10,97.02,5.01,101.44,51.63,4.90,0,14.06
4,47.85,29.27,5.03,77.49,60.66,4.95,0,12.70
4,19.98,52.97,5.07,42.90,79.90,4.96,0,2.64
4,43.63,48.59,4.92,85.01,177.65,4.74,0,11.72
4,27.95,54.00,4.97,55.63,72.80,5.24,0,38.09
4,8.05,10.39,4.76,67.12,108.84,5.03,0,6.54
4,40.10,97.02,5.01,101.44,51.63,4.90,0,12.30
4,47.85,29.27,5.03,77.49,60.66,4.95,0,9.28
4,19.98,52.97,5.07,42.90,79.90,4.96,0,2.25
4,43.63,48.59,4.92,85.01,177.65,4.74,0,11.72
4,27.95,54.00,4.97,55.63,72.80,5.24,0,35.84
4,8.05,10.39,4.76,67.12,108.84,5.03,0,7.03
4,40.10,97.02,5.01,101.44,51.63,4.90,0,13.18
4,47.85,29.27,5.03,77.49,60.66,4.95,0,6.93
4,19.98,52.97,5.07,42.90,79.90,4.96,0,2.15
4,43.63,48.59,4.92,85.01,177.65,4.74,0,6.64
4,27.95,54.00,4.97,55.63,72.80,5.24,1,9.96
4,8.05,10.39,4.76,67.12,108.84,5.03,1,12.30
4,40.10,97.02,5.01,101.44,51.63,4.90,1,13.87
4,47.85,29.27,5.03,77.49,60.66,4.95,1,16.50
4,19.98,52.97,5.07,42.90,79.90,4.96,1,3.42
4,43.63,48.59,4.92,85.01,177.65,4.74,1,10.16
4,27.95,54.00,4.97,55.63,72.80,5.24,1,10.74
4,8.05,10.39,4.76,67.12,108.84,5.03,1,12.79
4,40.10,97.02,5.01,101.44,51.63,4.90,1,13.96
4,47.85,29.27,5.03,77.49,60.66,4.95,1,24.02
4,19.98,52.97,5.07,42.90,79.90,4.96,1,3.81
4,43.63,48.59,4.92,85.01,177.65,4.74,1,6.64
4,27.95,54.00,4.97,55.63,72.80,5.24,1,10.06
4,8.05,10.39,4.76,67.12,108.84,5.03,1,13.18
4,40.10,97.02,5.01,101.44,51.63,4.90,1,13.48
4,47.85,29.27,5.03,77.49,60.66,4.95,1,17.38
4,19.98,52.97,5.07,42.90,79.90,4.96,1,5.96
4,43.63,48.59,4.92,85.01,177.65,4.74,1,6.84
4,27.95,54.00,4.97,55.63,72.80,5.24,1,11.33
4,8.05,10.39,4.76,67.12,108.84,5.03,1,17.48
4,40.10,97.02,5.01,101.44,51.63,4.90,1,15.04
4,47.85,29.27,5.03,77.49,60.66,4.95,1,15.92
4,19.98,52.97,5.07,42.90,79.90,4.96,1,3.71
4,43.63,48.59,4.92,85.01,177.65,4.74,1,9.08
4,27.95,54.00,4.97,55.63,72.80,5.24,1,10.55
4,8.05,10.39,4.76,67.12,108.84,5.03,1,11.23
4,40.10,97.02,5.01,101.44,51.63,4.90,1,13.38
4,47.85,29.27,5.03,77.49,60.66,4.95,1,19.92
4,19.98,52.97,5.07,42.90,79.90,4.96,1,3.03
4,43.63,48.59,4.92,85.01,177.65,4.74,1,5.96
4,27.95,54.00,4.97,55.63,72.80,5.24,1,10.16
4,8.05,10.39,4.76,67.12,108.84,5.03,1,10.94
4,40.10,97.02,5.01,101.44,51.63,4.90,1,11.23
4,47.85,29.27,5.03,77.49,60.66,4.95,1,18.46
4,19.98,52.97,5.07,42.90,79.90,4.96,1,3.03
4,43.63,48.59,4.92,85.01,177.65,4.74,1,6.84
4,27.95,54.00,4.97,55.63,72.80,5.24,1,10.45
4,8.05,10.39,4.76,67.12,108.84,5.03,1,13.28
4,40.10,97.02,5.01,101.44,51.63,4.90,1,13.77
4,47.85,29.27,5.03,77.49,60.66,4.95,1,22.17
4,19.98,52.97,5.07,42.90,79.90,4.96,1,2.83
4,43.63,48.59,4.92,85.01,177.65,4.74,1,5.57
4,27.95,54.00,4.97,55.63,72.80,5.24,1,10.74
4,8.05,10.39,4.76,67.12,108.84,5.03,1,10.45
4,40.10,97.02,5.01,101.44,51.63,4.90,1,12.79
4,47.85,29.27,5.03,77.49,60.66,4.95,1,21.00
4,19.98,52.97,5.07,42.90,79.90,4.96,1,2.54
4,43.63,48.59,4.92,85.01,177.65,4.74,1,6.84
4,27.95,54.00,4.97,55.63,72.80,5.24,2,11.13
4,8.05,10.39,4.76,67.12,108.84,5.03,2,10.25
4,40.10,97.02,5.01,101.44,51.63,4.90,2,15.92
4,47.85,29.27,5.03,77.49,60.66,4.95,2,5.96
4,19.98,52.97,5.07,42.90,79.90,4.96,2,5.27
4,43.63,48.59,4.92,85.01,177.65,4.74,2,8.98
4,27.95,54.00,4.97,55.63,72.80,5.24,2,12.50
4,8.05,10.39,4.76,67.12,108.84,5.03,2,11.23
4,40.10,97.02,5.01,101.44,51.63,4.90,2,13.96
4,47.85,29.27,5.03,77.49,60.66,4.95,2,13.18
4,19.98,52.97,5.07,42.90,79.90,4.96,2,5.47
4,43.63,48.59,4.92,85.01,177.65,4.74,2,8.89
4,27.95,54.00,4.97,55.63,72.80,5.24,2,7.42
4,8.05,10.39,4.76,67.12,108.84,5.03,2,10.25
4,40.10,97.02,5.01,101.44,51.63,4.90,2,13.38
4,47.85,29.27,5.03,77.49,60.66,4.95,2,8.98
4,19.98,52.97,5.07,42.90,79.90,4.96,2,4.00
4,43.63,48.59,4.92,85.01,177.65,4.74,2,5.27
4,27.95,54.00,4.97,55.63,72.80,5.24,2,11.33
4,8.05,10.39,4.76,67.12,108.84,5.03,2,12.89
4,40.10,97.02,5.01,101.44,51.63,4.90,2,12.21
4,47.85,29.27,5.03,77.49,60.66,4.95,2,5.47
4,19.98,52.97,5.07,42.90,79.90,4.96,2,4.20
4,43.63,48.59,4.92,85.01,177.65,4.74,2,9.96
4,27.95,54.00,4.97,55.63,72.80,5.24,2,9.77
4,8.05,10.39,4.76,67.12,108.84,5.03,2,8.40
4,40.10,97.02,5.01,101.44,51.63,4.90,2,14.55
4,47.85,29.27,5.03,77.49,60.66,4.95,2,11.23
4,19.98,52.97,5.07,42.90,79.90,4.96,2,5.57
4,43.63,48.59,4.92,85.01,177.65,4.74,2,6.64
4,27.95,54.00,4.97,55.63,72.80,5.24,2,9.77
4,8.05,10.39,4.76,67.12,108.84,5.03,2,12.21
4,40.10,97.02,5.01,101.44,51.63,4.90,2,12.70
4,47.85,29.27,5.03,77.49,60.66,4.95,2,9.57
4,19.98,52.97,5.07,42.90,79.90,4.96,2,5.96
4,43.63,48.59,4.92,85.01,177.65,4.74,2,8.89
4,27.95,54.00,4.97,55.63,72.80,5.24,2,7.81
4,8.05,10.39,4.76,67.12,108.84,5.03,2,10.64
4,40.10,97.02,5.01,101.44,51.63,4.90,2,13.87
4,47.85,29.27,5.03,77.49,60.66,4.95,2,15.43
4,19.98,52.97,5.07,42.90,79.90,4.96,2,3.91
4,43.63,48.59,4.92,85.01,177.65,4.74,2,8.79
4,27.95,54.00,4.97,55.63,72.80,5.24,3,42.09
4,8.05,10.39,4.76,67.12,108.84,5.03,3,4.30
4,40.10,97.02,5.01,101.44,51.63,4.90,3,12.50
4,47.85,29.27,5.03,77.49,60.66,4.95,3,5.18
4,19.98,52.97,5.07,42.90,79.90,4.96,3,2.44
4,43.63,48.59,4.92,85.01,177.65,4.74,3,8.30
4,27.95,54.00,4.97,55.63,72.80,5.24,3,44.92
4,8.05,10.39,4.76,67.12,108.84,5.03,3,4.00
4,40.10,97.02,5.01,101.44,51.63,4.90,3,11.52
4,47.85,29.27,5.03,77.49,60.66,4.95,3,13.09
4,19.98,52.97,5.07,42.90,79.90,4.96,3,3.91
4,43.63,48.59,4.92,85.01,177.65,4.74,3,6.84
4,27.95,54.00,4.97,55.63,72.80,5.24,3,44.73
4,8.05,10.39,4.76,67.12,108.84,5.03,3,3.61
4,40.10,97.02,5.01,101.44,51.63,4.90,3,15.33
4,47.85,29.27,5.03,77.49,60.66,4.95,3,4.88
4,19.98,52.97,5.07,42.90,79.90,4.96,3,2.15
4,43.63,48.59,4.92,85.01,177.65,4.74,3,7.23
4,27.95,54.00,4.97,55.63,72.80,5.24,3,45.70
4,8.05,10.39,4.76,67.12,108.84,5.03,3,5.18
4,40.10,97.02,5.01,101.44,51.63,4.90,3,14.26
4,47.85,29.27,5.03,77.49,60.66,4.95,3,2.73
4,19.98,52.97,5.07,42.90,79.90,4.96,3,2.64
4,43.63,48.59,4.92,85.01,177.65,4.74,3,12.21
4,27.95,54.00,4.97,55.63,72.80,5.24,3,42.19
4,8.05,10.39,4.76,67.12,108.84,5.03,3,5.27
4,40.10,97.02,5.01,101.44,51.63,4.90,3,15.14
4,47.85,29.27,5.03,77.49,60.66,4.95,3,7.52
4,19.98,52.97,5.07,42.90,79.90,4.96,3,2.44
4,43.63,48.59,4.92,85.01,177.65,4.74,3,9.67
4,27.95,54.00,4.97,55.63,72.80,5.24,3,45.02
4,8.05,10.39,4.76,67.12,108.84,5.03,3,4.30
4,40.10,97.02,5.01,101.44,51.63,4.90,3,11.13
4,47.85,29.27,5.03,77.49,60.66,4.95,3,6.64
4,19.98,52.97,5.07,42.90,79.90,4.96,3,2.25
4,43.63,48.59,4.92,85.01,177.65,4.74,3,8.11
4,27.95,54.00,4.97,55.63,72.80,5.24,3,42.97
4,8.05,10.39,4.76,67.12,108.84,5.03,3,5.37
4,40.10,97.02,5.01,101.44,51.63,4.90,3,12.30
4,47.85,29.27,5.03,77.49,60.66,4.95,3,15.33
4,19.98,52.97,5.07,42.90,79.90,4.96,3,4.30
4,43.63,48.59,4.92,85.01,177.65,4.74,3,7.62
1,94.16,41.45,4.64,62.74,73.31,4.72,0,20.70
1,105.90,109.10,4.69,84.20,36.39,4.92,0,5.66
1,94.16,41.45,4.64,62.74,73.31,4.72,0,25.20
1,105.90,109.10,4.69,84.20,36.39,4.92,0,6.54
1,94.16,41.45,4.64,62.74,73.31,4.72,0,22.17
1,105.90,109.10,4.69,84.20,36.39,4.92,0,4.88
1,94.16,41.45,4.64,62.74,73.31,4.72,0,22.07
1,105.90,109.10,4.69,84.20,36.39,4.92,0,4.30
1,94.16,41.45,4.64,62.74,73.31,4.72,0,33.59
1,105.90,109.10,4.69,84.20,36.39,4.92,0,9.67
1,94.16,41.45,4.64,62.74,73.31,4.72,0,21.88
1,105.90,109.10,4.69,84.20,36.39,4.92,0,5.86
1,94.16,41.45,4.64,62.74,73.31,4.72,0,23.14
1,105.90,109.10,4.69,84.20,36.39,4.92,0,6.45
1,94.16,41.45,4.64,62.74,73.31,4.72,1,6.15
1,105.90,109.10,4.69,84.20,36.39,4.92,1,7.71
1,94.16,41.45,4.64,62.74,73.31,4.72,1,5.57
1,105.90,109.10,4.69,84.20,36.39,4.92,1,5.57
1,94.16,41.45,4.64,62.74,73.31,4.72,1,4.30
1,105.90,109.10,4.69,84.20,36.39,4.92,1,6.54
1,94.16,41.45,4.64,62.74,73.31,4.72,1,4.88
1,105.90,109.10,4.69,84.20,36.39,4.92,1,7.62
1,94.16,41.45,4.64,62.74,73.31,4.72,1,20.70
1,105.90,109.10,4.69,84.20,36.39,4.92,1,12.21
1,94.16,41.45,4.64,62.74,73.31,4.72,1,4.10
1,105.90,109.10,4.69,84.20,36.39,4.92,1,7.42
1,94.16,41.45,4.64,62.74,73.31,4.72,1,3.81
1,105.90,109.10,4.69,84.20,36.39,4.92,1,4.20
1,94.16,41.45,4.64,62.74,73.31,4.72,2,6.25
1,105.90,109.10,4.69,84.20,36.39,4.92,2,4.69
1,94.16,41.45,4.64,62.74,73.31,4.72,2,5.08
1,105.90,109.10,4.69,84.20,36.39,4.92,2,6.93
1,94.16,41.45,4.64,62.74,73.31,4.72,2,4.30
1,105.90,109.10,4.69,84.20,36.39,4.92,2,7.91
1,94.16,41.45,4.64,62.74,73.31,4.72,2,3.52
1,105.90,109.10,4.69,84.20,36.39,4.92,2,7.42
1,94.16,41.45,4.64,62.74,73.31,4.72,2,26.07
1,105.90,109.10,4.69,84.20,36.39,4.92,2,11.13
1,94.16,41.45,4.64,62.74,73.31,4.72,2,8.69
1,105.90,109.10,4.69,84.20,36.39,4.92,2,7.03
1,94.16,41.45,4.64,62.74,73.31,4.72,2,4.69
1,105.90,109.10,4.69,84.20,36.39,4.92,2,5.37
1,94.16,41.45,4.64,62.74,73.31,4.72,3,19.43
1,105.90,109.10,4.69,84.20,36.39,4.92,3,3.03
1,94.16,41.45,4.64,62.74,73.31,4.72,3,26.37
1,105.90,109.10,4.69,84.20,36.39,4.92,3,4.59
1,94.16,41.45,4.64,62.74,73.31,4.72,3,21.48
1,105.90,109.10,4.69,84.20,36.39,4.92,3,3.42
1,94.16,41.45,4.64,62.74,73.31,4.72,3,22.17
1,105.90,109.10,4.69,84.20,36.39,4.92,3,4.20
1,94.16,41.45,4.64,62.74,73.31,4.72,3,33.11
1,105.90,109.10,4.69,84.20,36.39,4.92,3,7.23
1,94.16,41.45,4.64,62.74,73.31,4.72,3,23.44
1,105.90,109.10,4.69,84.20,36.39,4.92,3,3.52
1,94.16,41.45,4.64,62.74,73.31,4.72,3,22.07
1,105.90,109.10,4.69,84.20,36.39,4.92,3,2.44
2,112.92,175.33,4.50,174.32,115.22,4.69,0,6.05
2,113.65,152.52,4.65,95.28,155.71,4.61,0,20.61
2,112.92,175.33,4.50,174.32,115.22,4.69,0,8.59
2,113.65,152.52,4.65,95.28,155.71,4.61,0,17.29
2,112.92,175.33,4.50,174.32,115.22,4.69,0,12.50
2,113.65,152.52,4.65,95.28,155.71,4.61,0,16.70
2,112.92,175.33,4.50,174.32,115.22,4.69,0,3.91
2,113.65,152.52,4.65,95.28,155.71,4.61,0,27.05
2,112.92,175.33,4.50,174.32,115.22,4.69,0,4.20
2,113.65,152.52,4.65,95.28,155.71,4.61,0,22.95
2,112.92,175.33,4.50,174.32,115.22,4.69,0,7.42
2,113.65,152.52,4.65,95.28,155.71,4.61,0,25.68
2,112.92,175.33,4.50,174.32,115.22,4.69,0,8.59
2,113.65,152.52,4.65,95.28,155.71,4.61,0,24.80
2,112.92,175.33,4.50,174.32,115.22,4.69,1,5.47
2,113.65,152.52,4.65,95.28,155.71,4.61,1,19.53
2,112.92,175.33,4.50,174.32,115.22,4.69,1,10.84
2,113.65,152.52,4.65,95.28,155.71,4.61,1,18.55
2,112.92,175.33,4.50,174.32,115.22,4.69,1,12.70
2,113.65,152.52,4.65,95.28,155.71,4.61,1,16.31
2,112.92,175.33,4.50,174.32,115.22,4.69,1,2.93
2,113.65,152.52,4.65,95.28,155.71,4.61,1,22.66
2,112.92,175.33,4.50,174.32,115.22,4.69,1,4.98
2,113.65,152.52,4.65,95.28,155.71,4.61,1,21.00
2,112.92,175.33,4.50,174.32,115.22,4.69,1,3.42
2,113.65,152.52,4.65,95.28,155.71,4.61,1,25.10
2,112.92,175.33,4.50,174.32,115.22,4.69,1,3.61
2,113.65,152.52,4.65,95.28,155.71,4.61,1,24.02
2,112.92,175.33,4.50,174.32,115.22,4.69,2,5.76
2,113.65,152.52,4.65,95.28,155.71,4.61,2,20.41
2,112.92,175.33,4.50,174.32,115.22,4.69,2,6.64
2,113.65,152.52,4.65,95.28,155.71,4.61,2,21.88
2,112.92,175.33,4.50,174.32,115.22,4.69,2,14.06
2,113.65,152.52,4.65,95.28,155.71,4.61,2,17.58
2,112.92,175.33,4.50,174.32,115.22,4.69,2,12.11
2,113.65,152.52,4.65,95.28,155.71,4.61,2,24.51
2,112.92,175.33,4.50,174.32,115.22,4.69,2,3.61
2,113.65,152.52,4.65,95.28,155.71,4.61,2,23.54
2,112.92,175.33,4.50,174.32,115.22,4.69,2,2.93
2,113.65,152.52,4.65,95.28,155.71,4.61,2,24.90
2,112.92,175.33,4.50,174.32,115.22,4.69,2,6.35
2,113.65,152.52,4.65,95.28,155.71,4.61,2,22.46
2,112.92,175.33,4.50,174.32,115.22,4.69,3,6.05
2,113.65,152.52,4.65,95.28,155.71,4.61,3,20.02
2,112.92,175.33,4.50,174.32,115.22,4.69,3,5.96
2,113.65,152.52,4.65,95.28,155.71,4.61,3,19.04
2,112.92,175.33,4.50,174.32,115.22,4.69,3,14.94
2,113.65,152.52,4.65,95.28,155.71,4.61,3,15.04
2,112.92,175.33,4.50,174.32,115.22,4.69,3,2.93
2,113.65,152.52,4.65,95.28,155.71,4.61,3,24.71
2,112.92,175.33,4.50,174.32,115.22,4.69,3,6.05
2,113.65,152.52,4.65,95.28,155.71,4.61,3,20.21
2,112.92,175.33,4.50,174.32,115.22,4.69,3,2.15
2,113.65,152.52,4.65,95.28,155.71,4.61,3,22.85
2,112.92,175.33,4.50,174.32,115.22,4.69,3,6.05
2,113.65,152.52,4.65,95.28,155.71,4.61,3,22.85
5,127.65,69.18,4.82,77.29,30.48,4.89,0,4.69
5,93.11,72.08,4.79,101.40,32.37,5.02,0,22.46
5,127.65,69.18,4.82,77.29,30.48,4.89,0,5.08
5,93.11,72.08,4.79,101.40,32.37,5.02,0,23.34
5,127.65,69.18,4.82,77.29,30.48,4.89,0,4.49
5,93.11,72.08,4.79,101.40,32.37,5.02,0,28.91
5,127.65,69.18,4.82,77.29,30.48,4.89,0,3.22
5,93.11,72.08,4.79,101.40,32.37,5.02,0,22.46
5,127.65,69.18,4.82,77.29,30.48,4.89,0,4.69
5,93.11,72.08,4.79,101.40,32.37,5.02,0,23.73
5,127.65,69.18,4.82,77.29,30.48,4.89,0,3.32
5,93.11,72.08,4.79,101.40,32.37,5.02,0,26.66
5,127.65,69.18,4.82,77.29,30.48,4.89,0,7.13
5,93.11,72.08,4.79,101.40,32.37,5.02,0,26.56
5,127.65,69.18,4.82,77.29,30.48,4.89,1,5.08
5,93.11,72.08,4.79,101.40,32.37,5.02,1,8.98
5,127.65,69.18,4.82,77.29,30.48,4.89,1,3.91
5,93.11,72.08,4.79,101.40,32.37,5.02,1,8.30
5,127.65,69.18,4.82,77.29,30.48,4.89,1,8.50
5,93.11,72.08,4.79,101.40,32.37,5.02,1,7.32
5,127.65,69.18,4.82,77.29,30.48,4.89,1,5.27
5,93.11,72.08,4.79,101.40,32.37,5.02,1,7.71
5,127.65,69.18,4.82,77.29,30.48,4.89,1,5.37
5,93.11,72.08,4.79,101.40,32.37,5.02,1,8.89
5,127.65,69.18,4.82,77.29,30.48,4.89,1,5.86
5,93.11,72.08,4.79,101.40,32.37,5.02,1,12.40
5,127.65,69.18,4.82,77.29,30.48,4.89,1,6.64
5,93.11,72.08,4.79,101.40,32.37,5.02,1,8.50
5,127.65,69.18,4.82,77.29,30.48,4.89,2,3.91
5,93.11,72.08,4.79,101.40,32.37,5.02,2,6.93
5,127.65,69.18,4.82,77.29,30.48,4.89,2,5.66
5,93.11,72.08,4.79,101.40,32.37,5.02,2,9.38
5,127.65,69.18,4.82,77.29,30.48,4.89,2,4.79
5,93.11,72.08,4.79,101.40,32.37,5.02,2,7.91
5,127.65,69.18,4.82,77.29,30.48,4.89,2,4.98
5,93.11,72.08,4.79,101.40,32.37,5.02,2,8.20
5,127.65,69.18,4.82,77.29,30.48,4.89,2,4.59
5,93.11,72.08,4.79,101.40,32.37,5.02,2,9.18
5,127.65,69.18,4.82,77.29,30.48,4.89,2,4.69
5,93.11,72.08,4.79,101.40,32.37,5.02,2,9.67
5,127.65,69.18,4.82,77.29,30.48,4.89,2,5.57
5,93.11,72.08,4.79,101.40,32.37,5.02,2,12.70
5,127.65,69.18,4.82,77.29,30.48,4.89,3,3.52
5,93.11,72.08,4.79,101.40,32.37,5.02,3,24.22
5,127.65,69.18,4.82,77.29,30.48,4.89,3,3.91
5,93.11,72.08,4.79,101.40,32.37,5.02,3,20.70
5,127.65,69.18,4.82,77.29,30.48,4.89,3,3.42
5,93.11,72.08,4.79,101.40,32.37,5.02,3,30.37
5,127.65,69.18,4.82,77.29,30.48,4.89,3,4.00
5,93.11,72.08,4.79,101.40,32.37,5.02,3,24.12
5,127.65,69.18,4.82,77.29,30.48,4.89,3,2.93
5,93.11,72.08,4.79,101.40,32.37,5.02,3,23.73
5,127.65,69.18,4.82,77.29,30.48,4.89,3,4.39
5,93.11,72.08,4.79,101.40,32.37,5.02,3,24.41
5,127.65,69.18,4.82,77.29,30.48,4.89,3,3.03
5,93.11,72.08,4.79,101.40,32.37,5.02,3,21.97
6,68.01,16.81,4.80,89.55,101.98,4.94,0,3.22
6,85.04,92.62,4.81,68.70,20.21,4.75,0,0.68
6,68.01,16.81,4.80,89.55,101.98,4.94,0,3.12
6,85.04,92.62,4.81,68.70,20.21,4.75,0,0.49
6,68.01,16.81,4.80,89.55,101.98,4.94,0,3.71
6,85.04,92.62,4.81,68.70,20.21,4.75,0,1.17
6,68.01,16.81,4.80,89.55,101.98,4.94,0,3.71
6,85.04,92.62,4.81,68.70,20.21,4.75,0,0.98
6,68.01,16.81,4.80,89.55,101.98,4.94,0,2.93
6,85.04,92.62,4.81,68.70,20.21,4.75,0,3.71
6,68.01,16.81,4.80,89.55,101.98,4.94,0,2.83
6,85.04,92.62,4.81,68.70,20.21,4.75,0,0.59
6,68.01,16.81,4.80,89.55,101.98,4.94,0,2.83
6,85.04,92.62,4.81,68.70,20.21,4.75,0,1.17
6,68.01,16.81,4.80,89.55,101.98,4.94,1,3.81
6,85.04,92.62,4.81,68.70,20.21,4.75,1,1.37
6,68.01,16.81,4.80,89.55,101.98,4.94,1,4.20
6,85.04,92.62,4.81,68.70,20.21,4.75,1,1.27
6,68.01,16.81,4.80,89.55,101.98,4.94,1,3.03
6,85.04,92.62,4.81,68.70,20.21,4.75,1,1.66
6,68.01,16.81,4.80,89.55,101.98,4.94,1,4.10
6,85.04,92.62,4.81,68.70,20.21,4.75,1,2.73
6,68.01,16.81,4.80,89.55,101.98,4.94,1,3.22
6,85.04,92.62,4.81,68.70,20.21,4.75,1,1.37
6,68.01,16.81,4.80,89.55,101.98,4.94,1,3.61
6,85.04,92.62,4.81,68.70,20.21,4.75,1,1.07
6,68.01,16.81,4.80,89.55,101.98,4.94,1,4.88
6,85.04,92.62,4.81,68.70,20.21,4.75,1,1.46
6,68.01,16.81,4.80,89.55,101.98,4.94,2,3.71
6,85.04,92.62,4.81,68.70,20.21,4.75,2,1.76
6,68.01,16.81,4.80,89.55,101.98,4.94,2,4.30
6,85.04,92.62,4.81,68.70,20.21,4.75,2,2.25
6,68.01,16.81,4.80,89.55,101.98,4.94,2,4.49
6,85.04,92.62,4.81,68.70,20.21,4.75,2,0.98
6,68.01,16.81,4.80,89.55,101.98,4.94,2,3.81
6,85.04,92.62,4.81,68.70,20.21,4.75,2,1.17
6,68.01,16.81,4.80,89.55,101.98,4.94,2,4.20
6,85.04,92.62,4.81,68.70,20.21,4.75,2,1.37
6,68.01,16.81,4.80,89.55,101.98,4.94,2,5.37
6,85.04,92.62,4.81,68.70,20.21,4.75,2,1.76
6,68.01,16.81,4.80,89.55,101.98,4.94,2,4.49
6,85.04,92.62,4.81,68.70,20.21,4.75,2,1.66
6,68.01,16.81,4.80,89.55,101.98,4.94,3,1.46
6,85.04,92.62,4.81,68.70,20.21,4.75,3,1.56
6,68.01,16.81,4.80,89.55,101.98,4.94,3,0.88
6,85.04,92.62,4.81,68.70,20.21,4.75,3,1.46
6,68.01,16.81,4.80,89.55,101.98,4.94,3,1.66
6,85.04,92.62,4.81,68.70,20.21,4.75,3,0.88
6,68.01,16.81,4.80,89.55,101.98,4.94,3,0.88
6,85.04,92.62,4.81,68.70,20.21,4.75,3,1.27
6,68.01,16.81,4.80,89.55,101.98,4.94,3,1.07
6,85.04,92.62,4.81,68.70,20.21,4.75,3,1.76
6,68.01,16.81,4.80,89.55,101.98,4.94,3,1.56
6,85.04,92.62,4.81,68.70,20.21,4.75,3,1.27
6,68.01,16.81,4.80,89.55,101.98,4.94,3,0.98
6,85.04,92.62,4.81,68.70,20.21,4.75,3,1.17
7,34.93,36.51,5.29,57.78,45.84,5.24,0,1.66
7,59.90,37.97,5.30,40.95,30.94,5.08,0,2.25
7,34.93,36.51,5.29,57.78,45.84,5.24,0,3.61
7,59.90,37.97,5.30,40.95,30.94,5.08,0,1.66
7,34.93,36.51,5.29,57.78,45.84,5.24,0,4.10
7,59.90,37.97,5.30,40.95,30.94,5.08,0,1.66
7,34.93,36.51,5.29,57.78,45.84,5.24,0,3.32
7,59.90,37.97,5.30,40.95,30.94,5.08,0,1.56
7,34.93,36.51,5.29,57.78,45.84,5.24,0,3.61
7,59.90,37.97,5.30,40.95,30.94,5.08,0,1.46
7,34.93,36.51,5.29,57.78,45.84,5.24,0,3.91
7,59.90,37.97,5.30,40.95,30.94,5.08,0,1.56
7,34.93,36.51,5.29,57.78,45.84,5.24,0,5.96
7,59.90,37.97,5.30,40.95,30.94,5.08,0,1.86
7,34.93,36.51,5.29,57.78,45.84,5.24,0,2.05
7,59.90,37.97,5.30,40.95,30.94,5.08,0,2.25
7,34.93,36.51,5.29,57.78,45.84,5.24,1,3.12
7,59.90,37.97,5.30,40.95,30.94,5.08,1,2.83
7,34.93,36.51,5.29,57.78,45.84,5.24,1,4.59
7,59.90,37.97,5.30,40.95,30.94,5.08,1,2.54
7,34.93,36.51,5.29,57.78,45.84,5.24,1,1.56
7,59.90,37.97,5.30,40.95,30.94,5.08,1,2.64
7,34.93,36.51,5.29,57.78,45.84,5.24,1,3.32
7,59.90,37.97,5.30,40.95,30.94,5.08,1,3.22
7,34.93,36.51,5.29,57.78,45.84,5.24,1,2.93
7,59.90,37.97,5.30,40.95,30.94,5.08,1,2.83
7,34.93,36.51,5.29,57.78,45.84,5.24,1,3.91
7,59.90,37.97,5.30,40.95,30.94,5.08,1,1.86
7,34.93,36.51,5.29,57.78,45.84,5.24,1,6.35
7,59.90,37.97,5.30,40.95,30.94,5.08,1,3.61
7,34.93,36.51,5.29,57.78,45.84,5.24,1,3.12
7,59.90,37.97,5.30,40.95,30.94,5.08,1,4.59
7,34.93,36.51,5.29,57.78,45.84,5.24,2,3.52
7,59.90,37.97,5.30,40.95,30.94,5.08,2,3.61
7,34.93,36.51,5.29,57.78,45.84,5.24,2,5.18
7,59.90,37.97,5.30,40.95,30.94,5.08,2,2.64
7,34.93,36.51,5.29,57.78,45.84,5.24,2,1.95
7,59.90,37.97,5.30,40.95,30.94,5.08,2,2.44
7,34.93,36.51,5.29,57.78,45.84,5.24,2,3.03
7,59.90,37.97,5.30,40.95,30.94,5.08,2,2.34
7,34.93,36.51,5.29,57.78,45.84,5.24,2,3.12
7,59.90,37.97,5.30,40.95,30.94,5.08,2,2.54
7,34.93,36.51,5.29,57.78,45.84,5.24,2,5.08
7,59.90,37.97,5.30,40.95,30.94,5.08,2,2.05
7,34.93,36.51,5.29,57.78,45.84,5.24,2,5.47
7,59.90,37.97,5.30,40.95,30.94,5.08,2,3.03
7,34.93,36.51,5.29,57.78,45.84,5.24,2,2.25
7,59.90,37.97,5.30,40.95,30.94,5.08,2,3.61
7,34.93,36.51,5.29,57.78,45.84,5.24,3,1.86
7,59.90,37.97,5.30,40.95,30.94,5.08,3,1.07
7,34.93,36.51,5.29,57.78,45.84,5.24,3,1.95
7,59.90,37.97,5.30,40.95,30.94,5.08,3,1.46
7,34.93,36.51,5.29,57.78,45.84,5.24,3,2.73
7,59.90,37.97,5.30,40.95,30.94,5.08,3,1.37
7,34.93,36.51,5.29,57.78,45.84,5.24,3,2.73
7,59.90,37.97,5.30,40.95,30.94,5.08,3,1.17
7,34.93,36.51,5.29,57.78,45.84,5.24,3,2.44
7,59.90,37.97,5.30,40.95,30.94,5.08,3,0.88
7,34.93,36.51,5.29,57.78,45.84,5.24,3,1.56
7,59.90,37.97,5.30,40.95,30.94,5.08,3,1.17
7,34.93,36.51,5.29,57.78,45.84,5.24,3,2.73
7,59.90,37.97,5.30,40.95,30.94,5.08,3,1.07
7,34.93,36.51,5.29,57.78,45.84,5.24,3,2.25
7,59.90,37.97,5.30,40.95,30.94,5.08,3,2.05
4,30.67,52.35,4.97,66.34,77.30,5.24,0,31.74
4,6.03,6.66,4.76,81.18,147.82,5.03,0,5.27
4,39.95,94.25,5.01,97.42,56.29,4.90,0,11.82
4,61.03,35.03,5.03,74.91,51.16,4.95,0,12.11
4,21.26,53.89,5.07,42.90,71.04,4.96,0,2.83
4,61.01,71.23,4.92,71.57,133.60,4.74,0,9.77
4,30.67,52.35,4.97,66.34,77.30,5.24,0,40.62
4,6.03,6.66,4.76,81.18,147.82,5.03,0,9.38
4,39.95,94.25,5.01,97.42,56.29,4.90,0,10.16
4,61.03,35.03,5.03,74.91,51.16,4.95,0,10.94
4,21.26,53.89,5.07,42.90,71.04,4.96,0,2.93
4,61.01,71.23,4.92,71.57,133.60,4.74,0,6.54
4,30.67,52.35,4.97,66.34,77.30,5.24,0,37.21
4,6.03,6.66,4.76,81.18,147.82,5.03,0,5.18
4,39.95,94.25,5.01,97.42,56.29,4.90,0,13.57
4,61.03,35.03,5.03,74.91,51.16,4.95,0,5.27
4,21.26,53.89,5.07,42.90,71.04,4.96,0,2.34
4,61.01,71.23,4.92,71.57,133.60,4.74,0,9.38
4,30.67,52.35,4.97,66.34,77.30,5.24,0,35.55
4,6.03,6.66,4.76,81.18,147.82,5.03,0,4.30
4,39.95,94.25,5.01,97.42,56.29,4.90,0,16.21
4,61.03,35.03,5.03,74.91,51.16,4.95,0,12.60
4,21.26,53.89,5.07,42.90,71.04,4.96,0,2.05
4,61.01,71.23,4.92,71.57,133.60,4.74,0,6.54
4,30.67,52.35,4.97,66.34,77.30,5.24,0,35.06
4,6.03,6.66,4.76,81.18,147.82,5.03,0,6.05
4,39.95,94.25,5.01,97.42,56.29,4.90,0,12.70
4,61.03,35.03,5.03,74.91,51.16,4.95,0,5.08
4,21.26,53.89,5.07,42.90,71.04,4.96,0,1.86
4,61.01,71.23,4.92,71.57,133.60,4.74,0,8.69
4,30.67,52.35,4.97,66.34,77.30,5.24,1,14.65
4,6.03,6.66,4.76,81.18,147.82,5.03,1,12.89
4,39.95,94.25,5.01,97.42,56.29,4.90,1,13.77
4,61.03,35.03,5.03,74.91,51.16,4.95,1,22.85
4,21.26,53.89,5.07,42.90,71.04,4.96,1,5.47
4,61.01,71.23,4.92,71.57,133.60,4.74,1,6.25
4,30.67,52.35,4.97,66.34,77.30,5.24,1,13.48
4,6.03,6.66,4.76,81.18,147.82,5.03,1,12.70
4,39.95,94.25,5.01,97.42,56.29,4.90,1,14.06
4,61.03,35.03,5.03,74.91,51.16,4.95,1,15.43
4,21.26,53.89,5.07,42.90,71.04,4.96,1,3.22
4,61.01,71.23,4.92,71.57,133.60,4.74,1,6.15
4,30.67,52.35,4.97,66.34,77.30,5.24,1,16.31
4,6.03,6.66,4.76,81.18,147.82,5.03,1,11.43
4,39.95,94.25,5.01,97.42,56.29,4.90,1,15.14
4,61.03,35.03,5.03,74.91,51.16,4.95,1,25.20
4,21.26,53.89,5.07,42.90,71.04,4.96,1,2.93
4,61.01,71.23,4.92,71.57,133.60,4.74,1,5.08
4,30.67,52.35,4.97,66.34,77.30,5.24,1,16.11
4,6.03,6.66,4.76,81.18,147.82,5.03,1,22.95
4,39.95,94.25,5.01,97.42,56.29,4.90,1,12.40
4,61.03,35.03,5.03,74.91,51.16,4.95,1,17.87
4,21.26,53.89,5.07,42.90,71.04,4.96,1,2.34
4,61.01,71.23,4.92,71.57,133.60,4.74,1,9.08
4,30.67,52.35,4.97,66.34,77.30,5.24,2,10.94
4,6.03,6.66,4.76,81.18,147.82,5.03,2,9.96
4,39.95,94.25,5.01,97.42,56.29,4.90,2,12.30
4,61.03,35.03,5.03,74.91,51.16,4.95,2,9.67
4,21.26,53.89,5.07,42.90,71.04,4.96,2,4.00
4,61.01,71.23,4.92,71.57,133.60,4.74,2,5.66
4,30.67,52.35,4.97,66.34,77.30,5.24,2,13.77
4,6.03,6.66,4.76,81.18,147.82,5.03,2,11.52
4,39.95,94.25,5.01,97.42,56.29,4.90,2,14.16
4,61.03,35.03,5.03,74.91,51.16,4.95,2,10.35
4,21.26,53.89,5.07,42.90,71.04,4.96,2,4.69
4,61.01,71.23,4.92,71.57,133.60,4.74,2,7.03
4,30.67,52.35,4.97,66.34,77.30,5.24,2,16.31
4,6.03,6.66,4.76,81.18,147.82,5.03,2,20.41
4,39.95,94.25,5.01,97.42,56.29,4.90,2,13.96
4,61.03,35.03,5.03,74.91,51.16,4.95,2,5.27
4,21.26,53.89,5.07,42.90,71.04,4.96,2,4.39
4,61.01,71.23,4.92,71.57,133.60,4.74,2,4.79
4,30.67,52.35,4.97,66.34,77.30,5.24,2,15.14
4,6.03,6.66,4.76,81.18,147.82,5.03,2,8.79
4,39.95,94.25,5.01,97.42,56.29,4.90,2,16.41
4,61.03,35.03,5.03,74.91,51.16,4.95,2,13.87
4,21.26,53.89,5.07,42.90,71.04,4.96,2,4.88
4,61.01,71.23,4.92,71.57,133.60,4.74,2,4.49
4,30.67,52.35,4.97,66.34,77.30,5.24,2,16.99
4,6.03,6.66,4.76,81.18,147.82,5.03,2,9.86
4,39.95,94.25,5.01,97.42,56.29,4.90,2,13.96
4,61.03,35.03,5.03,74.91,51.16,4.95,2,10.35
4,21.26,53.89,5.07,42.90,71.04,4.96,2,5.37
4,61.01,71.23,4.92,71.57,133.60,4.74,2,5.76
4,30.67,52.35,4.97,66.34,77.30,5.24,3,45.02
4,6.03,6.66,4.76,81.18,147.82,5.03,3,4.20
4,39.95,94.25,5.01,97.42,56.29,4.90,3,11.62
4,61.03,35.03,5.03,74.91,51.16,4.95,3,15.04
4,21.26,53.89,5.07,42.90,71.04,4.96,3,3.32
4,61.01,71.23,4.92,71.57,133.60,4.74,3,5.86
4,30.67,52.35,4.97,66.34,77.30,5.24,3,40.04
4,6.03,6.66,4.76,81.18,147.82,5.03,3,3.81
4,39.95,94.25,5.01,97.42,56.29,4.90,3,14.55
4,61.03,35.03,5.03,74.91,51.16,4.95,3,9.67
4,21.26,53.89,5.07,42.90,71.04,4.96,3,2.83
4,61.01,71.23,4.92,71.57,133.60,4.74,3,5.66
4,30.67,52.35,4.97,66.34,77.30,5.24,3,40.14
4,6.03,6.66,4.76,81.18,147.82,5.03,3,4.98
4,39.95,94.25,5.01,97.42,56.29,4.90,3,10.45
4,61.03,35.03,5.03,74.91,51.16,4.95,3,3.22
4,21.26,53.89,5.07,42.90,71.04,4.96,3,2.83
4,61.01,71.23,4.92,71.57,133.60,4.74,3,6.54
4,30.67,52.35,4.97,66.34,77.30,5.24,3,40.72
4,6.03,6.66,4.76,81.18,147.82,5.03,3,4.00
4,39.95,94.25,5.01,97.42,56.29,4.90,3,16.11
4,61.03,35.03,5.03,74.91,51.16,4.95,3,14.26
4,21.26,53.89,5.07,42.90,71.04,4.96,3,2.34
4,61.01,71.23,4.92,71.57,133.60,4.74,3,4.20
4,30.67,52.35,4.97,66.34,77.30,5.24,3,40.82
4,6.03,6.66,4.76,81.18,147.82,5.03,3,5.86
4,39.95,94.25,5.01,97.42,56.29,4.90,3,12.79
4,61.03,35.03,5.03,74.91,51.16,4.95,3,6.54
4,21.26,53.89,5.07,42.90,71.04,4.96,3,2.93
4,61.01,71.23,4.92,71.57,133.60,4.74,3,10.64
1,60.22,41.45,4.64,84.24,93.94,4.72,0,18.65
1,119.75,119.38,4.69,56.51,46.74,4.92,0,3.91
1,60.22,41.45,4.64,84.24,93.94,4.72,0,23.44
1,119.75,119.38,4.69,56.51,46.74,4.92,0,6.25
1,60.22,41.45,4.64,84.24,93.94,4.72,0,20.80
1,119.75,119.38,4.69,56.51,46.74,4.92,0,8.11
1,60.22,41.45,4.64,84.24,93.94,4.72,1,7.32
1,119.75,119.38,4.69,56.51,46.74,4.92,1,6.45
1,60.22,41.45,4.64,84.24,93.94,4.72,1,6.54
1,119.75,119.38,4.69,56.51,46.74,4.92,1,4.30
1,60.22,41.45,4.64,84.24,93.94,4.72,1,7.32
1,119.75,119.38,4.69,56.51,46.74,4.92,1,7.81
1,60.22,41.45,4.64,84.24,93.94,4.72,2,5.57
1,119.75,119.38,4.69,56.51,46.74,4.92,2,5.66
1,60.22,41.45,4.64,84.24,93.94,4.72,2,4.88
1,119.75,119.38,4.69,56.51,46.74,4.92,2,5.18
1,60.22,41.45,4.64,84.24,93.94,4.72,2,5.76
1,119.75,119.38,4.69,56.51,46.74,4.92,2,9.18
1,60.22,41.45,4.64,84.24,93.94,4.72,3,22.56
1,119.75,119.38,4.69,56.51,46.74,4.92,3,3.12
1,60.22,41.45,4.64,84.24,93.94,4.72,3,24.51
1,119.75,119.38,4.69,56.51,46.74,4.92,3,6.45
1,60.22,41.45,4.64,84.24,93.94,4.72,3,21.00
1,119.75,119.38,4.69,56.51,46.74,4.92,3,7.52
2,79.33,85.09,4.50,85.24,190.70,4.69,0,6.84
2,98.39,197.02,4.65,123.62,234.95,4.61,0,23.93
2,79.33,85.09,4.50,85.24,190.70,4.69,0,6.15
2,98.39,197.02,4.65,123.62,234.95,4.61,0,6.25
2,79.33,85.09,4.50,85.24,190.70,4.69,0,2.34
2,98.39,197.02,4.65,123.62,234.95,4.61,0,15.23
2,79.33,85.09,4.50,85.24,190.70,4.69,1,7.23
2,98.39,197.02,4.65,123.62,234.95,4.61,1,25.10
2,79.33,85.09,4.50,85.24,190.70,4.69,1,5.86
2,98.39,197.02,4.65,123.62,234.95,4.61,1,17.09
2,79.33,85.09,4.50,85.24,190.70,4.69,1,8.20
2,98.39,197.02,4.65,123.62,234.95,4.61,1,10.64
2,79.33,85.09,4.50,85.24,190.70,4.69,2,8.20
2,98.39,197.02,4.65,123.62,234.95,4.61,2,23.24
2,79.33,85.09,4.50,85.24,190.70,4.69,2,4.20
2,98.39,197.02,4.65,123.62,234.95,4.61,2,11.52
2,79.33,85.09,4.50,85.24,190.70,4.69,2,5.08
2,98.39,197.02,4.65,123.62,234.95,4.61,2,12.99
2,79.33,85.09,4.50,85.24,190.70,4.69,3,3.32
2,98.39,197.02,4.65,123.62,234.95,4.61,3,22.17
2,79.33,85.09,4.50,85.24,190.70,4.69,3,4.69
2,98.39,197.02,4.65,123.62,234.95,4.61,3,14.06
2,79.33,85.09,4.50,85.24,190.70,4.69,3,10.84
2,98.39,197.02,4.65,123.62,234.95,4.61,3,11.62
5,134.31,79.72,4.82,117.67,32.06,4.89,0,4.49
5,93.11,51.15,4.79,81.10,28.27,5.02,0,27.44
5,134.31,79.72,4.82,117.67,32.06,4.89,0,3.71
5,93.11,51.15,4.79,81.10,28.27,5.02,0,23.05
5,134.31,79.72,4.82,117.67,32.06,4.89,0,4.59
5,93.11,51.15,4.79,81.10,28.27,5.02,0,22.27
5,134.31,79.72,4.82,117.67,32.06,4.89,1,4.20
5,93.11,51.15,4.79,81.10,28.27,5.02,1,6.84
5,134.31,79.72,4.82,117.67,32.06,4.89,1,5.86
5,93.11,51.15,4.79,81.10,28.27,5.02,1,9.96
5,134.31,79.72,4.82,117.67,32.06,4.89,1,6.15
5,93.11,51.15,4.79,81.10,28.27,5.02,1,9.08
5,134.31,79.72,4.82,117.67,32.06,4.89,2,5.57
5,93.11,51.15,4.79,81.10,28.27,5.02,2,10.25
5,134.31,79.72,4.82,117.67,32.06,4.89,2,6.25
5,93.11,51.15,4.79,81.10,28.27,5.02,2,9.18
5,134.31,79.72,4.82,117.67,32.06,4.89,2,7.13
5,93.11,51.15,4.79,81.10,28.27,5.02,2,11.04
5,134.31,79.72,4.82,117.67,32.06,4.89,3,3.12
5,93.11,51.15,4.79,81.10,28.27,5.02,3,23.93
5,134.31,79.72,4.82,117.67,32.06,4.89,3,2.05
5,93.11,51.15,4.79,81.10,28.27,5.02,3,26.27
5,134.31,79.72,4.82,117.67,32.06,4.89,3,2.34
5,93.11,51.15,4.79,81.10,28.27,5.02,3,26.37
6,42.88,16.81,4.80,97.91,117.52,4.94,0,3.12
6,88.55,69.41,4.81,137.65,47.92,4.75,0,1.37
6,42.88,16.81,4.80,97.91,117.52,4.94,0,3.81
6,88.55,69.41,4.81,137.65,47.92,4.75,0,1.66
6,42.88,16.81,4.80,97.91,117.52,4.94,0,2.73
6,88.55,69.41,4.81,137.65,47.92,4.75,0,1.37
6,42.88,16.81,4.80,97.91,117.52,4.94,0,3.42
6,88.55,69.41,4.81,137.65,47.92,4.75,0,1.17
6,42.88,16.81,4.80,97.91,117.52,4.94,1,3.12
6,88.55,69.41,4.81,137.65,47.92,4.75,1,1.37
6,42.88,16.81,4.80,97.91,117.52,4.94,1,3.22
6,88.55,69.41,4.81,137.65,47.92,4.75,1,1.56
6,42.88,16.81,4.80,97.91,117.52,4.94,1,4.49
6,88.55,69.41,4.81,137.65,47.92,4.75,1,1.27
6,42.88,16.81,4.80,97.91,117.52,4.94,1,3.81
6,88.55,69.41,4.81,137.65,47.92,4.75,1,1.17
6,42.88,16.81,4.80,97.91,117.52,4.94,1,5.08
6,88.55,69.41,4.81,137.65,47.92,4.75,1,1.37
6,42.88,16.81,4.80,97.91,117.52,4.94,2,3.42
6,88.55,69.41,4.81,137.65,47.92,4.75,2,1.76
6,42.88,16.81,4.80,97.91,117.52,4.94,2,3.52
6,88.55,69.41,4.81,137.65,47.92,4.75,2,0.88
6,42.88,16.81,4.80,97.91,117.52,4.94,2,4.39
6,88.55,69.41,4.81,137.65,47.92,4.75,2,2.15
6,42.88,16.81,4.80,97.91,117.52,4.94,2,3.61
6,88.55,69.41,4.81,137.65,47.92,4.75,2,0.78
6,42.88,16.81,4.80,97.91,117.52,4.94,2,3.61
6,88.55,69.41,4.81,137.65,47.92,4.75,2,2.54
6,42.88,16.81,4.80,97.91,117.52,4.94,3,1.56
6,88.55,69.41,4.81,137.65,47.92,4.75,3,1.07
6,42.88,16.81,4.80,97.91,117.52,4.94,3,0.98
6,88.55,69.41,4.81,137.65,47.92,4.75,3,0.98
6,42.88,16.81,4.80,97.91,117.52,4.94,3,1.56
6,88.55,69.41,4.81,137.65,47.92,4.75,3,1.37
6,42.88,16.81,4.80,97.91,117.52,4.94,3,1.17
6,88.55,69.41,4.81,137.65,47.92,4.75,3,0.78
7,64.21,70.02,5.29,66.91,58.16,5.24,0,2.44
7,56.25,39.43,5.30,42.18,36.18,5.08,0,1.66
7,64.21,70.02,5.29,66.91,58.16,5.24,0,2.64
7,56.25,39.43,5.30,42.18,36.18,5.08,0,2.73
7,64.21,70.02,5.29,66.91,58.16,5.24,0,1.37
7,56.25,39.43,5.30,42.18,36.18,5.08,0,2.54
7,64.21,70.02,5.29,66.91,58.16,5.24,0,2.73
7,56.25,39.43,5.30,42.18,36.18,5.08,0,1.66
7,64.21,70.02,5.29,66.91,58.16,5.24,1,2.93
7,56.25,39.43,5.30,42.18,36.18,5.08,1,2.54
7,64.21,70.02,5.29,66.91,58.16,5.24,1,2.54
7,56.25,39.43,5.30,42.18,36.18,5.08,1,2.73
7,64.21,70.02,5.29,66.91,58.16,5.24,1,2.44
7,56.25,39.43,5.30,42.18,36.18,5.08,1,3.52
7,64.21,70.02,5.29,66.91,58.16,5.24,1,3.12
7,56.25,39.43,5.30,42.18,36.18,5.08,1,2.64
7,64.21,70.02,5.29,66.91,58.16,5.24,2,4.30
7,56.25,39.43,5.30,42.18,36.18,5.08,2,3.12
7,64.21,70.02,5.29,66.91,58.16,5.24,2,3.81
7,56.25,39.43,5.30,42.18,36.18,5.08,2,3.03
7,64.21,70.02,5.29,66.91,58.16,5.24,2,1.17
7,56.25,39.43,5.30,42.18,36.18,5.08,2,2.83
7,64.21,70.02,5.29,66.91,58.16,5.24,2,2.44
7,56.25,39.43,5.30,42.18,36.18,5.08,2,4.10
7,64.21,70.02,5.29,66.91,58.16,5.24,3,2.05
7,56.25,39.43,5.30,42.18,36.18,5.08,3,1.37
7,64.21,70.02,5.29,66.91,58.16,5.24,3,1.95
7,56.25,39.43,5.30,42.18,36.18,5.08,3,1.27
7,64.21,70.02,5.29,66.91,58.16,5.24,3,1.76
7,56.25,39.43,5.30,42.18,36.18,5.08,3,2.15
7,64.21,70.02,5.29,66.91,58.16,5.24,3,2.15
7,56.25,39.43,5.30,42.18,36.18,5.08,3,1.56
4,30.67,52.35,4.97,63.35,78.51,5.24,0,40.33
4,5.74,9.32,4.76,78.50,137.12,5.03,0,8.69
4,39.95,100.23,5.01,82.98,50.51,4.90,0,13.67
4,64.70,34.49,5.03,74.91,47.24,4.95,0,13.48
4,21.95,52.54,5.07,44.75,82.14,4.96,0,3.71
4,58.52,67.72,4.92,89.21,129.18,4.74,0,7.32
4,30.67,52.35,4.97,63.35,78.51,5.24,0,31.84
4,5.74,9.32,4.76,78.50,137.12,5.03,0,6.84
4,39.95,100.23,5.01,82.98,50.51,4.90,0,13.18
4,64.70,34.49,5.03,74.91,47.24,4.95,0,6.15
4,21.95,52.54,5.07,44.75,82.14,4.96,0,2.54
4,58.52,67.72,4.92,89.21,129.18,4.74,0,6.54
4,30.67,52.35,4.97,63.35,78.51,5.24,0,33.40
4,5.74,9.32,4.76,78.50,137.12,5.03,0,5.57
4,39.95,100.23,5.01,82.98,50.51,4.90,0,15.82
4,64.70,34.49,5.03,74.91,47.24,4.95,0,13.38
4,21.95,52.54,5.07,44.75,82.14,4.96,0,2.83
4,58.52,67.72,4.92,89.21,129.18,4.74,0,8.40
4,30.67,52.35,4.97,63.35,78.51,5.24,1,23.24
4,5.74,9.32,4.76,78.50,137.12,5.03,1,13.38
4,39.95,100.23,5.01,82.98,50.51,4.90,1,13.87
4,64.70,34.49,5.03,74.91,47.24,4.95,1,15.23
4,21.95,52.54,5.07,44.75,82.14,4.96,1,2.73
4,58.52,67.72,4.92,89.21,129.18,4.74,1,3.81
4,30.67,52.35,4.97,63.35,78.51,5.24,1,25.29
4,5.74,9.32,4.76,78.50,137.12,5.03,1,12.89
4,39.95,100.23,5.01,82.98,50.51,4.90,1,13.67
4,64.70,34.49,5.03,74.91,47.24,4.95,1,13.18
4,21.95,52.54,5.07,44.75,82.14,4.96,1,3.42
4,58.52,67.72,4.92,89.21,129.18,4.74,1,3.81
4,30.67,52.35,4.97,63.35,78.51,5.24,1,22.36
4,5.74,9.32,4.76,78.50,137.12,5.03,1,14.26
4,39.95,100.23,5.01,82.98,50.51,4.90,1,14.94
4,64.70,34.49,5.03,74.91,47.24,4.95,1,18.95
4,21.95,52.54,5.07,44.75,82.14,4.96,1,3.12
4,58.52,67.72,4.92,89.21,129.18,4.74,1,7.62
4,30.67,52.35,4.97,63.35,78.51,5.24,2,24.12
4,5.74,9.32,4.76,78.50,137.12,5.03,2,12.01
4,39.95,100.23,5.01,82.98,50.51,4.90,2,14.84
4,64.70,34.49,5.03,74.91,47.24,4.95,2,12.01
4,21.95,52.54,5.07,44.75,82.14,4.96,2,5.47
4,58.52,67.72,4.92,89.21,129.18,4.74,2,5.76
4,30.67,52.35,4.97,63.35,78.51,5.24,2,28.12
4,5.74,9.32,4.76,78.50,137.12,5.03,2,10.94
4,39.95,100.23,5.01,82.98,50.51,4.90,2,12.40
4,64.70,34.49,5.03,74.91,47.24,4.95,2,16.41
4,21.95,52.54,5.07,44.75,82.14,4.96,2,7.52
4,58.52,67.72,4.92,89.21,129.18,4.74,2,5.47
4,30.67,52.35,4.97,63.35,78.51,5.24,2,18.85
4,5.74,9.32,4.76,78.50,137.12,5.03,2,13.09
4,39.95,100.23,5.01,82.98,50.51,4.90,2,16.21
4,64.70,34.49,5.03,74.91,47.24,4.95,2,8.79
4,21.95,52.54,5.07,44.75,82.14,4.96,2,3.81
4,58.52,67.72,4.92,89.21,129.18,4.74,2,4.98
4,30.67,52.35,4.97,63.35,78.51,5.24,3,44.14
4,5.74,9.32,4.76,78.50,137.12,5.03,3,5.18
4,39.95,100.23,5.01,82.98,50.51,4.90,3,12.70
4,64.70,34.49,5.03,74.91,47.24,4.95,3,6.05
4,21.95,52.54,5.07,44.75,82.14,4.96,3,2.64
4,58.52,67.72,4.92,89.21,129.18,4.74,3,8.98
4,30.67,52.35,4.97,63.35,78.51,5.24,3,47.17
4,5.74,9.32,4.76,78.50,137.12,5.03,3,4.20
4,39.95,100.23,5.01,82.98,50.51,4.90,3,12.40
4,64.70,34.49,5.03,74.91,47.24,4.95,3,5.76
4,21.95,52.54,5.07,44.75,82.14,4.96,3,5.86
4,58.52,67.72,4.92,89.21,129.18,4.74,3,8.01
4,30.67,52.35,4.97,63.35,78.51,5.24,3,48.24
4,5.74,9.32,4.76,78.50,137.12,5.03,3,5.27
4,39.95,100.23,5.01,82.98,50.51,4.90,3,13.57
4,64.70,34.49,5.03,74.91,47.24,4.95,3,12.11
4,21.95,52.54,5.07,44.75,82.14,4.96,3,3.12
4,58.52,67.72,4.92,89.21,129.18,4.74,3,7.91
1,109.91,41.45,4.64,76.97,87.78,4.72,0,21.68
1,66.49,89.59,4.69,110.56,46.97,4.92,0,5.47
1,109.91,41.45,4.64,76.97,87.78,4.72,0,22.56
1,66.49,89.59,4.69,110.56,46.97,4.92,0,5.08
1,109.91,41.45,4.64,76.97,87.78,4.72,0,25.78
1,66.49,89.59,4.69,110.56,46.97,4.92,0,2.93
1,109.91,41.45,4.64,76.97,87.78,4.72,0,26.46
1,66.49,89.59,4.69,110.56,46.97,4.92,0,4.79
1,109.91,41.45,4.64,76.97,87.78,4.72,1,4.20
1,66.49,89.59,4.69,110.56,46.97,4.92,1,8.20
1,109.91,41.45,4.64,76.97,87.78,4.72,1,7.42
1,66.49,89.59,4.69,110.56,46.97,4.92,1,5.27
1,109.91,41.45,4.64,76.97,87.78,4.72,1,4.79
1,66.49,89.59,4.69,110.56,46.97,4.92,1,5.37
1,109.91,41.45,4.64,76.97,87.78,4.72,1,5.57
1,66.49,89.59,4.69,110.56,46.97,4.92,1,7.71
1,109.91,41.45,4.64,76.97,87.78,4.72,2,7.42
1,66.49,89.59,4.69,110.56,46.97,4.92,2,8.69
1,109.91,41.45,4.64,76.97,87.78,4.72,2,6.15
1,66.49,89.59,4.69,110.56,46.97,4.92,2,3.61
1,109.91,41.45,4.64,76.97,87.78,4.72,2,4.59
1,66.49,89.59,4.69,110.56,46.97,4.92,2,4.30
1,109.91,41.45,4.64,76.97,87.78,4.72,2,4.39
1,66.49,89.59,4.69,110.56,46.97,4.92,2,6.74
1,109.91,41.45,4.64,76.97,87.78,4.72,3,21.39
1,66.49,89.59,4.69,110.56,46.97,4.92,3,7.23
1,109.91,41.45,4.64,76.97,87.78,4.72,3,24.80
1,66.49,89.59,4.69,110.56,46.97,4.92,3,7.52
1,109.91,41.45,4.64,76.97,87.78,4.72,3,25.39
1,66.49,89.59,4.69,110.56,46.97,4.92,3,4.59
1,109.91,41.45,4.64,76.97,87.78,4.72,3,25.49
1,66.49,89.59,4.69,110.56,46.97,4.92,3,5.08
2,112.37,140.79,4.50,166.15,144.76,4.69,0,6.35
2,85.94,145.56,4.65,74.05,145.63,4.61,0,18.85
2,112.37,140.79,4.50,166.15,144.76,4.69,0,4.59
2,85.94,145.56,4.65,74.05,145.63,4.61,0,21.68
2,112.37,140.79,4.50,166.15,144.76,4.69,0,3.61
2,85.94,145.56,4.65,74.05,145.63,4.61,0,21.58
2,112.37,140.79,4.50,166.15,144.76,4.69,1,7.32
2,85.94,145.56,4.65,74.05,145.63,4.61,1,7.62
2,112.37,140.79,4.50,166.15,144.76,4.69,1,8.50
2,85.94,145.56,4.65,74.05,145.63,4.61,1,23.93
2,112.37,140.79,4.50,166.15,144.76,4.69,1,12.40
2,85.94,145.56,4.65,74.05,145.63,4.61,1,24.22
2,112.37,140.79,4.50,166.15,144.76,4.69,1,5.37
2,85.94,145.56,4.65,74.05,145.63,4.61,1,4.79
2,112.37,140.79,4.50,166.15,144.76,4.69,2,7.23
2,85.94,145.56,4.65,74.05,145.63,4.61,2,20.21
2,112.37,140.79,4.50,166.15,144.76,4.69,2,3.52
2,85.94,145.56,4.65,74.05,145.63,4.61,2,24.12
2,112.37,140.79,4.50,166.15,144.76,4.69,2,5.47
2,85.94,145.56,4.65,74.05,145.63,4.61,2,28.52
2,112.37,140.79,4.50,166.15,144.76,4.69,3,5.86
2,85.94,145.56,4.65,74.05,145.63,4.61,3,18.65
2,112.37,140.79,4.50,166.15,144.76,4.69,3,5.96
2,85.94,145.56,4.65,74.05,145.63,4.61,3,22.27
2,112.37,140.79,4.50,166.15,144.76,4.69,3,2.93
2,85.94,145.56,4.65,74.05,145.63,4.61,3,23.54
5,122.82,72.57,4.82,103.18,30.29,4.89,0,5.76
5,93.11,35.20,4.79,92.58,34.41,5.02,0,23.83
5,122.82,72.57,4.82,103.18,30.29,4.89,0,4.30
5,93.11,35.20,4.79,92.58,34.41,5.02,0,20.21
5,122.82,72.57,4.82,103.18,30.29,4.89,0,4.49
5,93.11,35.20,4.79,92.58,34.41,5.02,0,22.36
5,122.82,72.57,4.82,103.18,30.29,4.89,0,6.15
5,93.11,35.20,4.79,92.58,34.41,5.02,0,23.73
5,122.82,72.57,4.82,103.18,30.29,4.89,1,6.93
5,93.11,35.20,4.79,92.58,34.41,5.02,1,8.98
5,122.82,72.57,4.82,103.18,30.29,4.89,1,5.18
5,93.11,35.20,4.79,92.58,34.41,5.02,1,8.69
5,122.82,72.57,4.82,103.18,30.29,4.89,1,4.98
5,93.11,35.20,4.79,92.58,34.41,5.02,1,8.59
5,122.82,72.57,4.82,103.18,30.29,4.89,1,4.79
5,93.11,35.20,4.79,92.58,34.41,5.02,1,6.64
5,122.82,72.57,4.82,103.18,30.29,4.89,2,6.54
5,93.11,35.20,4.79,92.58,34.41,5.02,2,9.86
5,122.82,72.57,4.82,103.18,30.29,4.89,2,3.61
5,93.11,35.20,4.79,92.58,34.41,5.02,2,8.69
5,122.82,72.57,4.82,103.18,30.29,4.89,2,4.79
5,93.11,35.20,4.79,92.58,34.41,5.02,2,7.52
5,122.82,72.57,4.82,103.18,30.29,4.89,2,4.10
5,93.11,35.20,4.79,92.58,34.41,5.02,2,6.64
5,122.82,72.57,4.82,103.18,30.29,4.89,3,4.00
5,93.11,35.20,4.79,92.58,34.41,5.02,3,23.63
5,122.82,72.57,4.82,103.18,30.29,4.89,3,3.61
5,93.11,35.20,4.79,92.58,34.41,5.02,3,23.14
5,122.82,72.57,4.82,103.18,30.29,4.89,3,3.91
5,93.11,35.20,4.79,92.58,34.41,5.02,3,26.17
5,122.82,72.57,4.82,103.18,30.29,4.89,3,2.93
5,93.11,35.20,4.79,92.58,34.41,5.02,3,28.12
6,77.32,16.81,4.80,86.29,111.12,4.94,0,2.93
6,109.00,122.93,4.81,133.00,48.85,4.75,0,0.68
6,77.32,16.81,4.80,86.29,111.12,4.94,0,3.71
6,109.00,122.93,4.81,133.00,48.85,4.75,0,1.37
6,77.32,16.81,4.80,86.29,111.12,4.94,0,4.20
6,109.00,122.93,4.81,133.00,48.85,4.75,0,1.07
6,77.32,16.81,4.80,86.29,111.12,4.94,1,3.32
6,109.00,122.93,4.81,133.00,48.85,4.75,1,0.98
6,77.32,16.81,4.80,86.29,111.12,4.94,1,3.22
6,109.00,122.93,4.81,133.00,48.85,4.75,1,1.76
6,77.32,16.81,4.80,86.29,111.12,4.94,1,4.00
6,109.00,122.93,4.81,133.00,48.85,4.75,1,1.27
6,77.32,16.81,4.80,86.29,111.12,4.94,2,3.81
6,109.00,122.93,4.81,133.00,48.85,4.75,2,1.76
6,77.32,16.81,4.80,86.29,111.12,4.94,2,5.18
6,109.00,122.93,4.81,133.00,48.85,4.75,2,0.98
6,77.32,16.81,4.80,86.29,111.12,4.94,2,4.10
6,109.00,122.93,4.81,133.00,48.85,4.75,2,1.76
6,77.32,16.81,4.80,86.29,111.12,4.94,3,1.46
6,109.00,122.93,4.81,133.00,48.85,4.75,3,0.88
6,77.32,16.81,4.80,86.29,111.12,4.94,3,1.76
6,109.00,122.93,4.81,133.00,48.85,4.75,3,0.59
6,77.32,16.81,4.80,86.29,111.12,4.94,3,0.88
6,109.00,122.93,4.81,133.00,48.85,4.75,3,0.78
7,51.00,61.10,5.29,62.81,59.61,5.24,0,1.86
7,62.69,39.59,5.30,38.06,25.23,5.08,0,2.83
7,51.00,61.10,5.29,62.81,59.61,5.24,0,2.15
7,62.69,39.59,5.30,38.06,25.23,5.08,0,2.54
7,51.00,61.10,5.29,62.81,59.61,5.24,0,2.64
7,62.69,39.59,5.30,38.06,25.23,5.08,0,2.93
7,51.00,61.10,5.29,62.81,59.61,5.24,1,3.42
7,62.69,39.59,5.30,38.06,25.23,5.08,1,4.39
7,51.00,61.10,5.29,62.81,59.61,5.24,1,1.95
7,62.69,39.59,5.30,38.06,25.23,5.08,1,3.32
7,51.00,61.10,5.29,62.81,59.61,5.24,1,4.00
7,62.69,39.59,5.30,38.06,25.23,5.08,1,3.32
7,51.00,61.10,5.29,62.81,59.61,5.24,2,1.76
7,62.69,39.59,5.30,38.06,25.23,5.08,2,4.79
7,51.00,61.10,5.29,62.81,59.61,5.24,2,1.76
7,62.69,39.59,5.30,38.06,25.23,5.08,2,4.49
7,51.00,61.10,5.29,62.81,59.61,5.24,2,5.37
7,62.69,39.59,5.30,38.06,25.23,5.08,2,4.49
7,51.00,61.10,5.29,62.81,59.61,5.24,3,1.27
7,62.69,39.59,5.30,38.06,25.23,5.08,3,2.54
7,51.00,61.10,5.29,62.81,59.61,5.24,3,1.86
7,62.69,39.59,5.30,38.06,25.23,5.08,3,1.07
7,51.00,61.10,5.29,62.81,59.61,5.24,3,4.20
7,62.69,39.59,5.30,38.06,25.23,5.08,3,1.56
4,30.67,52.35,4.97,51.25,62.81,5.24,0,35.84
4,5.60,9.39,4.76,84.83,124.19,5.03,0,6.25
4,39.95,96.70,5.01,89.70,55.32,4.90,0,18.36
4,64.70,38.82,5.03,56.85,48.41,4.95,0,9.96
4,22.65,54.14,5.07,44.75,79.26,4.96,0,6.25
4,66.02,67.85,4.92,120.86,188.37,4.74,0,6.74
4,30.67,52.35,4.97,51.25,62.81,5.24,0,35.25
4,5.60,9.39,4.76,84.83,124.19,5.03,0,7.03
4,39.95,96.70,5.01,89.70,55.32,4.90,0,14.65
4,64.70,38.82,5.03,56.85,48.41,4.95,0,12.01
4,22.65,54.14,5.07,44.75,79.26,4.96,0,2.64
4,66.02,67.85,4.92,120.86,188.37,4.74,0,5.86
4,30.67,52.35,4.97,51.25,62.81,5.24,0,37.11
4,5.60,9.39,4.76,84.83,124.19,5.03,0,6.45
4,39.95,96.70,5.01,89.70,55.32,4.90,0,14.45
4,64.70,38.82,5.03,56.85,48.41,4.95,0,12.70
4,22.65,54.14,5.07,44.75,79.26,4.96,0,2.93
4,66.02,67.85,4.92,120.86,188.37,4.74,0,6.45
4,30.67,52.35,4.97,51.25,62.81,5.24,1,18.55
4,5.60,9.39,4.76,84.83,124.19,5.03,1,10.25
4,39.95,96.70,5.01,89.70,55.32,4.90,1,19.24
4,64.70,38.82,5.03,56.85,48.41,4.95,1,18.46
4,22.65,54.14,5.07,44.75,79.26,4.96,1,3.03
4,66.02,67.85,4.92,120.86,188.37,4.74,1,5.27
4,30.67,52.35,4.97,51.25,62.81,5.24,1,13.48
4,5.60,9.39,4.76,84.83,124.19,5.03,1,11.62
4,39.95,96.70,5.01,89.70,55.32,4.90,1,14.65
4,64.70,38.82,5.03,56.85,48.41,4.95,1,16.99
4,22.65,54.14,5.07,44.75,79.26,4.96,1,3.22
4,66.02,67.85,4.92,120.86,188.37,4.74,1,6.74
4,30.67,52.35,4.97,51.25,62.81,5.24,1,20.21
4,5.60,9.39,4.76,84.83,124.19,5.03,1,11.43
4,39.95,96.70,5.01,89.70,55.32,4.90,1,12.99
4,64.70,38.82,5.03,56.85,48.41,4.95,1,24.51
4,22.65,54.14,5.07,44.75,79.26,4.96,1,4.59
4,66.02,67.85,4.92,120.86,188.37,4.74,1,7.52
4,30.67,52.35,4.97,51.25,62.81,5.24,2,22.66
4,5.60,9.39,4.76,84.83,124.19,5.03,2,11.04
4,39.95,96.70,5.01,89.70,55.32,4.90,2,14.75
4,64.70,38.82,5.03,56.85,48.41,4.95,2,9.67
4,22.65,54.14,5.07,44.75,79.26,4.96,2,3.81
4,66.02,67.85,4.92,120.86,188.37,4.74,2,6.54
4,30.67,52.35,4.97,51.25,62.81,5.24,2,15.82
4,5.60,9.39,4.76,84.83,124.19,5.03,2,11.91
4,39.95,96.70,5.01,89.70,55.32,4.90,2,13.28
4,64.70,38.82,5.03,56.85,48.41,4.95,2,4.39
4,22.65,54.14,5.07,44.75,79.26,4.96,2,2.15
4,66.02,67.85,4.92,120.86,188.37,4.74,2,7.13
4,30.67,52.35,4.97,51.25,62.81,5.24,2,25.29
4,5.60,9.39,4.76,84.83,124.19,5.03,2,7.03
4,39.95,96.70,5.01,89.70,55.32,4.90,2,16.11
4,64.70,38.82,5.03,56.85,48.41,4.95,2,13.09
4,22.65,54.14,5.07,44.75,79.26,4.96,2,4.10
4,66.02,67.85,4.92,120.86,188.37,4.74,2,6.74
4,30.67,52.35,4.97,51.25,62.81,5.24,3,46.58
4,5.60,9.39,4.76,84.83,124.19,5.03,3,4.49
4,39.95,96.70,5.01,89.70,55.32,4.90,3,15.43
4,64.70,38.82,5.03,56.85,48.41,4.95,3,8.40
4,22.65,54.14,5.07,44.75,79.26,4.96,3,3.42
4,66.02,67.85,4.92,120.86,188.37,4.74,3,7.81
4,30.67,52.35,4.97,51.25,62.81,5.24,3,45.90
4,5.60,9.39,4.76,84.83,124.19,5.03,3,4.30
4,39.95,96.70,5.01,89.70,55.32,4.90,3,14.36
4,64.70,38.82,5.03,56.85,48.41,4.95,3,2.44
4,22.65,54.14,5.07,44.75,79.26,4.96,3,1.86
4,66.02,67.85,4.92,120.86,188.37,4.74,3,8.59
4,30.67,52.35,4.97,51.25,62.81,5.24,3,43.16
4,5.60,9.39,4.76,84.83,124.19,5.03,3,3.22
4,39.95,96.70,5.01,89.70,55.32,4.90,3,14.45
4,64.70,38.82,5.03,56.85,48.41,4.95,3,11.82
4,22.65,54.14,5.07,44.75,79.26,4.96,3,1.27
4,66.02,67.85,4.92,120.86,188.37,4.74,3,7.52
1,45.22,33.84,4.64,90.74,82.31,4.72,0,25.59
1,127.24,102.90,4.69,89.01,44.58,4.92,0,6.93
1,45.22,33.84,4.64,90.74,82.31,4.72,0,26.46
1,127.24,102.90,4.69,89.01,44.58,4.92,0,4.20
1,45.22,33.84,4.64,90.74,82.31,4.72,1,6.15
1,127.24,102.90,4.69,89.01,44.58,4.92,1,5.86
1,45.22,33.84,4.64,90.74,82.31,4.72,1,7.81
1,127.24,102.90,4.69,89.01,44.58,4.92,1,6.64
1,45.22,33.84,4.64,90.74,82.31,4.72,2,7.81
1,127.24,102.90,4.69,89.01,44.58,4.92,2,5.76
1,45.22,33.84,4.64,90.74,82.31,4.72,2,8.20
1,127.24,102.90,4.69,89.01,44.58,4.92,2,4.98
1,45.22,33.84,4.64,90.74,82.31,4.72,3,23.93
1,127.24,102.90,4.69,89.01,44.58,4.92,3,5.37
1,45.22,33.84,4.64,90.74,82.31,4.72,3,28.42
1,127.24,102.90,4.69,89.01,44.58,4.92,3,4.39
2,102.72,183.36,4.50,129.10,148.57,4.69,0,12.21
2,87.95,139.41,4.65,63.27,87.00,4.61,0,3.03
2,102.72,183.36,4.50,129.10,148.57,4.69,0,6.05
2,87.95,139.41,4.65,63.27,87.00,4.61,0,11.23
2,102.72,183.36,4.50,129.10,148.57,4.69,1,13.18
2,87.95,139.41,4.65,63.27,87.00,4.61,1,2.93
2,102.72,183.36,4.50,129.10,148.57,4.69,1,14.45
2,87.95,139.41,4.65,63.27,87.00,4.61,1,19.92
2,102.72,183.36,4.50,129.10,148.57,4.69,2,13.28
2,87.95,139.41,4.65,63.27,87.00,4.61,2,3.22
2,102.72,183.36,4.50,129.10,148.57,4.69,2,16.80
2,87.95,139.41,4.65,63.27,87.00,4.61,2,16.31
2,102.72,183.36,4.50,129.10,148.57,4.69,3,5.96
2,87.95,139.41,4.65,63.27,87.00,4.61,3,2.64
2,102.72,183.36,4.50,129.10,148.57,4.69,3,16.60
2,87.95,139.41,4.65,63.27,87.00,4.61,3,13.38
5,112.55,56.80,4.82,116.20,33.86,4.89,0,4.98
5,86.72,72.87,4.79,88.01,29.43,5.02,0,23.93
5,112.55,56.80,4.82,116.20,33.86,4.89,0,4.49
5,86.72,72.87,4.79,88.01,29.43,5.02,0,29.39
5,112.55,56.80,4.82,116.20,33.86,4.89,1,5.27
5,86.72,72.87,4.79,88.01,29.43,5.02,1,8.69
5,112.55,56.80,4.82,116.20,33.86,4.89,1,5.27
5,86.72,72.87,4.79,88.01,29.43,5.02,1,10.55
5,112.55,56.80,4.82,116.20,33.86,4.89,2,5.37
5,86.72,72.87,4.79,88.01,29.43,5.02,2,9.57
5,112.55,56.80,4.82,116.20,33.86,4.89,2,4.30
5,86.72,72.87,4.79,88.01,29.43,5.02,2,11.91
5,112.55,56.80,4.82,116.20,33.86,4.89,3,3.12
5,86.72,72.87,4.79,88.01,29.43,5.02,3,23.73
5,112.55,56.80,4.82,116.20,33.86,4.89,3,3.22
5,86.72,72.87,4.79,88.01,29.43,5.02,3,20.90
6,96.71,16.81,4.80,82.56,143.09,4.94,0,4.00
6,109.00,56.64,4.81,127.23,53.54,4.75,0,3.91
6,96.71,16.81,4.80,82.56,143.09,4.94,0,2.93
6,109.00,56.64,4.81,127.23,53.54,4.75,0,3.32
6,96.71,16.81,4.80,82.56,143.09,4.94,1,5.96
6,109.00,56.64,4.81,127.23,53.54,4.75,1,0.68
6,96.71,16.81,4.80,82.56,143.09,4.94,1,3.32
6,109.00,56.64,4.81,127.23,53.54,4.75,1,1.46
6,96.71,16.81,4.80,82.56,143.09,4.94,1,4.20
6,109.00,56.64,4.81,127.23,53.54,4.75,1,1.27
6,96.71,16.81,4.80,82.56,143.09,4.94,2,4.98
6,109.00,56.64,4.81,127.23,53.54,4.75,2,1.56
6,96.71,16.81,4.80,82.56,143.09,4.94,2,4.49
6,109.00,56.64,4.81,127.23,53.54,4.75,2,1.27
6,96.71,16.81,4.80,82.56,143.09,4.94,2,3.71
6,109.00,56.64,4.81,127.23,53.54,4.75,2,2.64
6,96.71,16.81,4.80,82.56,143.09,4.94,3,1.76
6,109.00,56.64,4.81,127.23,53.54,4.75,3,1.76
6,96.71,16.81,4.80,82.56,143.09,4.94,3,1.27
6,109.00,56.64,4.81,127.23,53.54,4.75,3,5.37
6,96.71,16.81,4.80,82.56,143.09,4.94,3,1.37
6,109.00,56.64,4.81,127.23,53.54,4.75,3,5.76
7,51.00,61.10,5.29,75.50,52.59,5.24,0,2.44
7,57.21,37.68,5.30,38.06,37.37,5.08,0,1.95
7,51.00,61.10,5.29,75.50,52.59,5.24,0,4.10
7,57.21,37.68,5.30,38.06,37.37,5.08,0,2.34
7,51.00,61.10,5.29,75.50,52.59,5.24,0,2.05
7,57.21,37.68,5.30,38.06,37.37,5.08,0,2.25
7,51.00,61.10,5.29,75.50,52.59,5.24,1,4.98
7,57.21,37.68,5.30,38.06,37.37,5.08,1,2.15
7,51.00,61.10,5.29,75.50,52.59,5.24,1,2.83
7,57.21,37.68,5.30,38.06,37.37,5.08,1,4.00
7,51.00,61.10,5.29,75.50,52.59,5.24,1,4.88
7,57.21,37.68,5.30,38.06,37.37,5.08,1,2.34
7,51.00,61.10,5.29,75.50,52.59,5.24,2,2.93
7,57.21,37.68,5.30,38.06,37.37,5.08,2,3.81
7,51.00,61.10,5.29,75.50,52.59,5.24,2,3.71
7,57.21,37.68,5.30,38.06,37.37,5.08,2,4.49
7,51.00,61.10,5.29,75.50,52.59,5.24,2,5.96
7,57.21,37.68,5.30,38.06,37.37,5.08,2,2.54
7,51.00,61.10,5.29,75.50,52.59,5.24,3,2.05
7,57.21,37.68,5.30,38.06,37.37,5.08,3,1.07
7,51.00,61.10,5.29,75.50,52.59,5.24,3,2.34
7,57.21,37.68,5.30,38.06,37.37,5.08,3,1.56
7,51.00,61.10,5.29,75.50,52.59,5.24,3,1.27
7,57.21,37.68,5.30,38.06,37.37,5.08,3,1.37
4,24.98,24.53,4.97,63.44,47.65,5.24,0,32.71
4,4.99,7.97,4.76,80.06,136.46,5.03,0,6.54
4,39.95,69.62,5.01,88.44,49.05,4.90,0,12.50
4,64.69,37.82,5.03,72.41,49.13,4.95,0,5.08
4,22.11,45.19,5.07,43.60,82.43,4.96,0,2.44
4,61.19,61.04,4.92,101.54,176.72,4.74,0,9.08
4,24.98,24.53,4.97,63.44,47.65,5.24,0,37.30
4,4.99,7.97,4.76,80.06,136.46,5.03,0,5.47
4,39.95,69.62,5.01,88.44,49.05,4.90,0,12.99
4,64.69,37.82,5.03,72.41,49.13,4.95,0,8.11
4,22.11,45.19,5.07,43.60,82.43,4.96,0,3.32
4,61.19,61.04,4.92,101.54,176.72,4.74,0,6.74
4,24.98,24.53,4.97,63.44,47.65,5.24,1,12.89
4,4.99,7.97,4.76,80.06,136.46,5.03,1,10.25
4,39.95,69.62,5.01,88.44,49.05,4.90,1,13.38
4,64.69,37.82,5.03,72.41,49.13,4.95,1,22.75
4,22.11,45.19,5.07,43.60,82.43,4.96,1,2.34
4,61.19,61.04,4.92,101.54,176.72,4.74,1,8.40
4,24.98,24.53,4.97,63.44,47.65,5.24,1,14.94
4,4.99,7.97,4.76,80.06,136.46,5.03,1,13.87
4,39.95,69.62,5.01,88.44,49.05,4.90,1,15.14
4,64.69,37.82,5.03,72.41,49.13,4.95,1,15.23
4,22.11,45.19,5.07,43.60,82.43,4.96,1,2.44
4,61.19,61.04,4.92,101.54,176.72,4.74,1,5.76
4,24.98,24.53,4.97,63.44,47.65,5.24,2,16.41
4,4.99,7.97,4.76,80.06,136.46,5.03,2,10.16
4,39.95,69.62,5.01,88.44,49.05,4.90,2,14.36
4,64.69,37.82,5.03,72.41,49.13,4.95,2,12.60
4,22.11,45.19,5.07,43.60,82.43,4.96,2,3.81
4,61.19,61.04,4.92,101.54,176.72,4.74,2,8.50
4,24.98,24.53,4.97,63.44,47.65,5.24,2,12.30
4,4.99,7.97,4.76,80.06,136.46,5.03,2,14.26
4,39.95,69.62,5.01,88.44,49.05,4.90,2,16.11
4,64.69,37.82,5.03,72.41,49.13,4.95,2,6.54
4,22.11,45.19,5.07,43.60,82.43,4.96,2,3.42
4,61.19,61.04,4.92,101.54,176.72,4.74,2,5.76
4,24.98,24.53,4.97,63.44,47.65,5.24,3,46.29
4,4.99,7.97,4.76,80.06,136.46,5.03,3,5.37
4,39.95,69.62,5.01,88.44,49.05,4.90,3,13.48
4,64.69,37.82,5.03,72.41,49.13,4.95,3,2.54
4,22.11,45.19,5.07,43.60,82.43,4.96,3,2.05
4,61.19,61.04,4.92,101.54,176.72,4.74,3,8.98
4,24.98,24.53,4.97,63.44,47.65,5.24,3,43.07
4,4.99,7.97,4.76,80.06,136.46,5.03,3,5.47
4,39.95,69.62,5.01,88.44,49.05,4.90,3,14.84
4,64.69,37.82,5.03,72.41,49.13,4.95,3,5.37
4,22.11,45.19,5.07,43.60,82.43,4.96,3,6.35
4,61.19,61.04,4.92,101.54,176.72,4.74,3,5.86
1,99.66,33.84,4.64,89.70,87.81,4.72,0,29.10
1,104.43,117.56,4.69,91.07,44.84,4.92,0,7.23
1,99.66,33.84,4.64,89.70,87.81,4.72,0,24.51
1,104.43,117.56,4.69,91.07,44.84,4.92,0,14.36
1,99.66,33.84,4.64,89.70,87.81,4.72,1,7.03
1,104.43,117.56,4.69,91.07,44.84,4.92,1,4.49
1,99.66,33.84,4.64,89.70,87.81,4.72,1,4.79
1,104.43,117.56,4.69,91.07,44.84,4.92,1,31.45
1,99.66,33.84,4.64,89.70,87.81,4.72,2,4.88
1,104.43,117.56,4.69,91.07,44.84,4.92,2,5.47
1,99.66,33.84,4.64,89.70,87.81,4.72,2,5.18
1,104.43,117.56,4.69,91.07,44.84,4.92,2,24.80
1,99.66,33.84,4.64,89.70,87.81,4.72,3,30.47
1,104.43,117.56,4.69,91.07,44.84,4.92,3,6.45
1,99.66,33.84,4.64,89.70,87.81,4.72,3,26.95
1,104.43,117.56,4.69,91.07,44.84,4.92,3,5.66
2,84.37,166.97,4.50,77.54,114.10,4.69,0,6.05
2,71.78,102.41,4.65,51.64,75.32,4.61,0,2.44
2,84.37,166.97,4.50,77.54,114.10,4.69,0,3.12
2,71.78,102.41,4.65,51.64,75.32,4.61,0,3.42
2,84.37,166.97,4.50,77.54,114.10,4.69,1,5.08
2,71.78,102.41,4.65,51.64,75.32,4.61,1,7.23
2,84.37,166.97,4.50,77.54,114.10,4.69,1,4.59
2,71.78,102.41,4.65,51.64,75.32,4.61,1,2.34
2,84.37,166.97,4.50,77.54,114.10,4.69,2,4.59
2,71.78,102.41,4.65,51.64,75.32,4.61,2,3.42
2,84.37,166.97,4.50,77.54,114.10,4.69,2,5.08
2,71.78,102.41,4.65,51.64,75.32,4.61,2,2.64
2,84.37,166.97,4.50,77.54,114.10,4.69,3,1.07
2,71.78,102.41,4.65,51.64,75.32,4.61,3,2.44
2,84.37,166.97,4.50,77.54,114.10,4.69,3,2.73
2,71.78,102.41,4.65,51.64,75.32,4.61,3,1.95
5,61.65,63.97,4.82,114.76,33.22,4.89,0,4.10
5,89.67,75.93,4.79,104.95,33.96,5.02,0,27.83
5,61.65,63.97,4.82,114.76,33.22,4.89,0,4.30
5,89.67,75.93,4.79,104.95,33.96,5.02,0,25.29
5,61.65,63.97,4.82,114.76,33.22,4.89,1,5.08
5,89.67,75.93,4.79,104.95,33.96,5.02,1,9.67
5,61.65,63.97,4.82,114.76,33.22,4.89,1,5.27
5,89.67,75.93,4.79,104.95,33.96,5.02,1,9.57
5,61.65,63.97,4.82,114.76,33.22,4.89,2,6.25
5,89.67,75.93,4.79,104.95,33.96,5.02,2,7.13
5,61.65,63.97,4.82,114.76,33.22,4.89,2,6.15
5,89.67,75.93,4.79,104.95,33.96,5.02,2,9.86
5,61.65,63.97,4.82,114.76,33.22,4.89,3,4.10
5,89.67,75.93,4.79,104.95,33.96,5.02,3,23.14
5,61.65,63.97,4.82,114.76,33.22,4.89,3,3.81
5,89.67,75.93,4.79,104.95,33.96,5.02,3,25.68
6,91.33,16.81,4.80,104.93,143.95,4.94,0,3.32
6,81.49,108.66,4.81,127.23,53.54,4.75,0,2.54
6,91.33,16.81,4.80,104.93,143.95,4.94,0,4.79
6,81.49,108.66,4.81,127.23,53.54,4.75,0,2.64
6,91.33,16.81,4.80,104.93,143.95,4.94,0,3.91
6,81.49,108.66,4.81,127.23,53.54,4.75,0,3.12
6,91.33,16.81,4.80,104.93,143.95,4.94,1,3.81
6,81.49,108.66,4.81,127.23,53.54,4.75,1,1.37
6,91.33,16.81,4.80,104.93,143.95,4.94,1,3.71
6,81.49,108.66,4.81,127.23,53.54,4.75,1,1.07
6,91.33,16.81,4.80,104.93,143.95,4.94,2,5.27
6,81.49,108.66,4.81,127.23,53.54,4.75,2,1.76
6,91.33,16.81,4.80,104.93,143.95,4.94,2,3.32
6,81.49,108.66,4.81,127.23,53.54,4.75,2,0.68
6,91.33,16.81,4.80,104.93,143.95,4.94,3,1.17
6,81.49,108.66,4.81,127.23,53.54,4.75,3,4.10
6,91.33,16.81,4.80,104.93,143.95,4.94,3,1.46
6,81.49,108.66,4.81,127.23,53.54,4.75,3,6.64
7,51.00,61.10,5.29,78.78,62.17,5.24,0,1.76
7,60.56,40.11,5.30,28.26,37.37,5.08,0,2.34
7,51.00,61.10,5.29,78.78,62.17,5.24,0,1.46
7,60.56,40.11,5.30,28.26,37.37,5.08,0,2.34
7,51.00,61.10,5.29,78.78,62.17,5.24,1,7.71
7,60.56,40.11,5.30,28.26,37.37,5.08,1,3.61
7,51.00,61.10,5.29,78.78,62.17,5.24,1,3.42
7,60.56,40.11,5.30,28.26,37.37,5.08,1,3.22
7,51.00,61.10,5.29,78.78,62.17,5.24,2,1.76
7,60.56,40.11,5.30,28.26,37.37,5.08,2,2.44
7,51.00,61.10,5.29,78.78,62.17,5.24,2,2.34
7,60.56,40.11,5.30,28.26,37.37,5.08,2,4.10
7,51.00,61.10,5.29,78.78,62.17,5.24,3,2.44
7,60.56,40.11,5.30,28.26,37.37,5.08,3,0.98
7,51.00,61.10,5.29,78.78,62.17,5.24,3,1.66
7,60.56,40.11,5.30,28.26,37.37,5.08,3,1.76
